Idx,T1,T2,T3,T1-T3,T2-T1,T2-T3
1,18,19.1,16.4,1.6,1.1,2.7
2,17.4,20.1,16.9,0.5,2.7,3.2
3,18.1,20.6,16.6,1.5,2.5,4
4,19,22.9,17,2,3.9,5.9
5,17.3,21.6,17.3,0,4.3,4.3
6,17.3,19.7,18.3,-1,2.4,1.4
7,19.1,21.5,17.2,1.9,2.4,4.3
8,18.3,19.5,15.9,2.4,1.2,3.6
9,17,22.1,18.6,-1.6,5.1,3.5
10,18,20.5,16.7,1.3,2.5,3.8
11,,20.9,17.4,,,3.5
12,17,22.3,17.9,-0.9,5.3,4.4
13,17.7,19.7,17.7,0,2,2
14,15.6,19.6,18.6,-3,4,1
15,15.8,20.4,18,-2.2,4.6,2.4
16,16.9,22,16.6,0.3,5.1,5.4
17,16.5,19.5,19.7,-3.2,3,-0.2
18,17.8,18.2,17.7,0.1,0.4,0.5
19,16.6,20.5,17.4,-0.8,3.9,3.1
20,16.1,21.6,18.5,-2.4,5.5,3.1
21,19,22.2,17.7,1.3,3.2,4.5
22,17.3,20.5,17.9,-0.6,3.2,2.6
23,17.6,0,20,-2.4,-17.6,-20
24,16.1,22.2,17.2,-1.1,6.1,5
25,17,19.1,17.2,-0.2,2.1,1.9
26,17.6,20.6,17.6,0,3,3
27,16.3,21.2,18.6,-2.3,4.9,2.6
28,17.9,21.4,16,1.9,3.5,5.4
29,16.9,20.5,15.5,1.4,3.6,5
30,17.2,21,16.9,0.3,3.8,4.1
31,16.9,0,15.9,1,-16.9,-15.9
32,19.4,20.3,17.1,2.3,0.9,3.2
33,17.5,21.5,18,-0.5,4,3.5
34,16.4,20,16.6,-0.2,3.6,3.4
35,18.3,21.1,16.1,2.2,2.8,5
36,16.3,21.4,17.6,-1.3,5.1,3.8
37,17.7,20.7,18.4,-0.7,3,2.3
38,15.5,21.2,15.8,-0.3,5.7,5.4
39,16.2,20,18.3,-2.1,3.8,1.7
40,17.7,20.8,18.3,-0.6,3.1,2.5
41,18.2,21.6,18.5,-0.3,3.4,3.1
42,17.7,21.2,18.7,-1,3.5,2.5
43,,20.4,19.7,,,0.7
44,17.2,21.2,17.1,0.1,4,4.1
45,16,21.7,17.6,-1.6,5.7,4.1
46,16.8,19,17.1,-0.3,2.2,1.9
47,17,22.2,17.5,-0.5,5.2,4.7
48,18.6,20.7,19,-0.4,2.1,1.7
49,17.8,21.4,16.2,1.6,3.6,5.2
50,15.7,22.2,16.6,-0.9,6.5,5.6
51,17.8,19.6,18.9,-1.1,1.8,0.7
52,17.1,20.3,18.5,-1.4,3.2,1.8
53,16.8,20.7,17.1,-0.3,3.9,3.6
54,18.1,20.2,18.4,-0.3,2.1,1.8
55,18.5,22.7,17.8,0.7,4.2,4.9
56,18.4,20.1,19,-0.6,1.7,1.1
57,16.7,20.4,17.6,-0.9,3.7,2.8
58,17.2,21.2,18.5,-1.3,4,2.7
59,17.8,19.8,20.1,-2.3,2,-0.3
60,18.5,20.6,18.1,0.4,2.1,2.5
61,17,21.3,0,17,4.3,21.3
62,17.3,20.7,18.2,-0.9,3.4,2.5
63,16.4,20.9,17.1,-0.7,4.5,3.8
64,16.3,20.5,19.9,-3.6,4.2,0.6
65,18.3,19.5,,,1.2,
66,18.9,21.3,17.2,1.7,2.4,4.1
67,0,22.8,16.7,-16.7,22.8,6.1
68,18.5,21,18.6,-0.1,2.5,2.4
69,17.9,21.2,18.4,-0.5,3.3,2.8
70,16.9,21.7,17,-0.1,4.8,4.7
71,17.9,19.7,18.1,-0.2,1.8,1.6
72,19,22.7,16,3,3.7,6.7
73,17.5,21.2,17.7,-0.2,3.7,3.5
74,19.1,22.6,18,1.1,3.5,4.6
75,0,20.3,19.2,-19.2,20.3,1.1
76,18.3,22.8,16.7,1.6,4.5,6.1
77,0,21.8,16.2,-16.2,21.8,5.6
78,17.2,21.6,16.6,0.6,4.4,5
79,17.6,21.2,16.2,1.4,3.6,5
80,15.5,20.8,18.8,-3.3,5.3,2
81,17.3,22.2,19,-1.7,4.9,3.2
82,17.9,21.1,17.8,0.1,3.2,3.3
83,19,19,18.7,0.3,0,0.3
84,17,19.9,17.6,-0.6,2.9,2.3
85,16.7,20.8,17.4,-0.7,4.1,3.4
86,17,21.3,17.2,-0.2,4.3,4.1
87,18.4,20.9,17.2,1.2,2.5,3.7
88,17.8,22.2,16,1.8,4.4,6.2
89,17,19,17.8,-0.8,2,1.2
90,18,,17.5,0.5,,
91,15.9,25.4,16,-0.1,9.5,9.4
92,15.1,25.9,15.6,-0.5,10.8,10.3
93,15.1,26,15,0.1,10.9,11
94,15.7,25.9,15.2,0.5,10.2,10.7
95,15.3,25.6,15.7,-0.4,10.3,9.9
96,15.9,25.8,15.4,0.5,9.9,10.4
97,15.8,26,15.2,0.6,10.2,10.8
98,15.1,25.4,15.9,-0.8,10.3,9.5
99,15.2,25.9,16,-0.8,10.7,9.9
100,15.1,25.5,15.3,-0.2,10.4,10.2
101,15.4,25.5,15.7,-0.3,10.1,9.8
102,15.6,26,15.3,0.3,10.4,10.7
103,15.5,25.8,15.4,0.1,10.3,10.4
104,15.5,25.7,15.9,-0.4,10.2,9.8
105,15.4,25.5,16,-0.6,10.1,9.5
106,15,25.4,15.6,-0.6,10.4,9.8
107,19.4,19.7,19.8,-0.4,0.3,-0.1
108,17.7,21.6,16.6,1.1,3.9,5
109,17.8,21.5,18,-0.2,3.7,3.5
110,17.4,19.1,16.8,0.6,1.7,2.3
111,15.6,19.8,18.5,-2.9,4.2,1.3
112,17.5,20.7,16.2,1.3,3.2,4.5
113,17.6,20.7,18,-0.4,3.1,2.7
114,20,19.8,16.6,3.4,-0.2,3.2
115,17.3,21.4,17.3,0,4.1,4.1
116,17.8,21.3,16.5,1.3,3.5,4.8
117,17.5,20.8,0,17.5,3.3,20.8
118,16.3,20.2,16.7,-0.4,3.9,3.5
119,28.5,34.9,25.1,3.4,6.4,9.8
120,18.3,0,17.2,1.1,-18.3,-17.2
121,18.3,20.5,17.4,0.9,2.2,3.1
122,16.6,20.4,17.6,-1,3.8,2.8
123,18.9,21.5,16.7,2.2,2.6,4.8
124,16.1,20.6,17.7,-1.6,4.5,2.9
125,18.1,20.9,19,-0.9,2.8,1.9
126,19.7,21.7,16.7,3,2,5
127,16.5,19.1,18.7,-2.2,2.6,0.4
128,16.9,22.3,19,-2.1,5.4,3.3
129,17.6,21.1,16.7,0.9,3.5,4.4
130,17,20.6,16,1,3.6,4.6
131,15.9,20.9,17.8,-1.9,5,3.1
132,,21,17,,,4
133,16.4,19.3,19.4,-3,2.9,-0.1
134,18,22.5,17.5,0.5,4.5,5
135,16.6,21,16.7,-0.1,4.4,4.3
136,19,21.4,16.4,2.6,2.4,5
137,16.7,22,18.6,-1.9,5.3,3.4
138,17.2,20,16.9,0.3,2.8,3.1
139,18.3,21.5,17.5,0.8,3.2,4
140,16.3,20.7,18.5,-2.2,4.4,2.2
141,17.7,21.8,17,0.7,4.1,4.8
142,18.8,18.9,17.5,1.3,0.1,1.4
143,15.9,20.9,17.5,-1.6,5,3.4
144,17.7,20.4,18.2,-0.5,2.7,2.2
145,17.8,21.4,18.1,-0.3,3.6,3.3
146,18.3,21.5,17.3,1,3.2,4.2
147,16.3,20.3,17.6,-1.3,4,2.7
148,16.2,20.3,17.1,-0.9,4.1,3.2
149,18,20.9,16,2,2.9,4.9
150,17.8,20.1,17.8,0,2.3,2.3
151,17.8,21.8,19.4,-1.6,4,2.4
152,17.8,20.6,16.6,1.2,2.8,4
153,16.8,18.1,16.7,0.1,1.3,1.4
154,17.7,20.6,16.6,1.1,2.9,4
155,17.8,20,18.2,-0.4,2.2,1.8
156,16.8,19.4,17.9,-1.1,2.6,1.5
157,19.4,19.8,17.3,2.1,0.4,2.5
158,18,21.1,16.6,1.4,3.1,4.5
159,16.3,22.3,,,6,
160,18.2,21.3,15.9,2.3,3.1,5.4
161,16.5,20.4,17.6,-1.1,3.9,2.8
162,18.3,21.5,18.4,-0.1,3.2,3.1
163,18.7,20.5,16.2,2.5,1.8,4.3
164,16.7,20.3,16,0.7,3.6,4.3
165,18.5,19.8,19.1,-0.6,1.3,0.7
166,17.9,19.2,16.9,1,1.3,2.3
167,18.3,20.6,18.6,-0.3,2.3,2
168,19.4,21.2,17.3,2.1,1.8,3.9
169,17.3,20.9,17.3,0,3.6,3.6
170,16.7,20.6,17.9,-1.2,3.9,2.7
171,16.6,20.1,16.6,0,3.5,3.5
172,16.7,21.6,17.6,-0.9,4.9,4
173,17.4,19.7,,,2.3,
174,17.8,21.8,,,4,
175,17.8,20,17.8,0,2.2,2.2
176,18.3,20.2,17.2,1.1,1.9,3
177,17.5,19.5,17.3,0.2,2,2.2
178,19,20.5,16.3,2.7,1.5,4.2
179,17.2,22,19.1,-1.9,4.8,2.9
180,20.2,21.5,18.4,1.8,1.3,3.1
181,18.1,22,18.5,-0.4,3.9,3.5
182,16.6,21.5,17.2,-0.6,4.9,4.3
183,16.4,19.9,15.8,0.6,3.5,4.1
184,18,20.7,19.5,-1.5,2.7,1.2
185,17.3,20.2,17.4,-0.1,2.9,2.8
186,18.2,22.3,16.8,1.4,4.1,5.5
187,18,19.8,,,1.8,
188,17.4,21.9,18.7,-1.3,4.5,3.2
189,16.7,21.9,17.5,-0.8,5.2,4.4
190,16,22.8,18.8,-2.8,6.8,4
191,17.1,20.6,18.6,-1.5,3.5,2
192,18.4,21.7,16.4,2,3.3,5.3
193,17.7,23.3,16.8,0.9,5.6,6.5
194,16.3,20.4,18.5,-2.2,4.1,1.9
195,17.7,19.5,14.8,2.9,1.8,4.7
196,17.9,19.1,17.4,0.5,1.2,1.7
197,16.6,21.7,16.1,0.5,5.1,5.6
198,17.7,19.1,17,0.7,1.4,2.1
199,17.6,20.6,17.2,0.4,3,3.4
200,16.4,21.4,17.1,-0.7,5,4.3
201,17.9,21.2,16.9,1,3.3,4.3
202,18.1,21.4,16.4,1.7,3.3,5
203,18.6,21.2,19.8,-1.2,2.6,1.4
204,18.6,22.3,19.4,-0.8,3.7,2.9
205,16.1,20,16.3,-0.2,3.9,3.7
206,16.6,20.3,19.1,-2.5,3.7,1.2
207,18,20.2,17.1,0.9,2.2,3.1
208,18,21.8,17.6,0.4,3.8,4.2
209,18,21.9,17.4,0.6,3.9,4.5
210,21.4,21.5,16.8,4.6,0.1,4.7
211,,22.2,18.5,,,3.7
212,18.6,19.8,17.6,1,1.2,2.2
213,18.5,22.7,17,1.5,4.2,5.7
214,18.2,22.5,16.2,2,4.3,6.3
215,17.2,21.7,16.6,0.6,4.5,5.1
216,18.3,22.8,15.9,2.4,4.5,6.9
217,0,19.3,17.5,-17.5,19.3,1.8
218,17.3,20.5,16.3,1,3.2,4.2
219,17,20.3,17.2,-0.2,3.3,3.1
220,17.6,21.7,18.9,-1.3,4.1,2.8
221,19.8,19.9,18.7,1.1,0.1,1.2
222,15.6,21.8,17.5,-1.9,6.2,4.3
223,18.2,22.4,17.4,0.8,4.2,5
224,15.9,21.7,19.4,-3.5,5.8,2.3
225,17,21.3,18,-1,4.3,3.3
226,18.6,20,17.2,1.4,1.4,2.8
227,17.6,20.2,16.1,1.5,2.6,4.1
228,16.4,22.2,17.9,-1.5,5.8,4.3
229,16.8,21.8,18.3,-1.5,5,3.5
230,18.2,21,16.9,1.3,2.8,4.1
231,16.8,20.6,17.8,-1,3.8,2.8
232,17.7,19,17.1,0.6,1.3,1.9
233,17.5,19.9,17.3,0.2,2.4,2.6
234,16.8,22.9,15,1.8,6.1,7.9
235,19.6,0,17.3,2.3,-19.6,-17.3
236,18.1,21.2,18.5,-0.4,3.1,2.7
237,15.5,22,16.9,-1.4,6.5,5.1
238,17.7,19.7,17.6,0.1,2,2.1
239,16.8,21.2,16.7,0.1,4.4,4.5
240,18.4,21.9,17.9,0.5,3.5,4
241,16.7,21,17.3,-0.6,4.3,3.7
242,17.4,23.9,16.6,0.8,6.5,7.3
243,18,19.3,18.8,-0.8,1.3,0.5
244,18.4,22.1,18.4,0,3.7,3.7
245,16.3,20.8,16.9,-0.6,4.5,3.9
246,0,21.8,18,-18,21.8,3.8
247,17,21.4,18,-1,4.4,3.4
248,16.8,20.3,18.1,-1.3,3.5,2.2
249,19.3,21.2,15.8,3.5,1.9,5.4
250,17.9,19.1,18.5,-0.6,1.2,0.6
251,16.2,21.6,16.9,-0.7,5.4,4.7
252,18.4,21.3,17.1,1.3,2.9,4.2
253,19.6,21.6,20.1,-0.5,2,1.5
254,18.5,22.1,17.8,0.7,3.6,4.3
255,16,21.4,17.1,-1.1,5.4,4.3
256,17,21.1,15.3,1.7,4.1,5.8
257,18.8,20.1,18.9,-0.1,1.3,1.2
258,16.8,20.3,16.2,0.6,3.5,4.1
259,17.9,22.2,16.5,1.4,4.3,5.7
260,18.3,22.4,17.2,1.1,4.1,5.2
261,16.6,20.8,18.9,-2.3,4.2,1.9
262,17.4,21,18.3,-0.9,3.6,2.7
263,,20.1,17.3,,,2.8
264,16.5,22.2,17.8,-1.3,5.7,4.4
265,17.2,21.7,16.9,0.3,4.5,4.8
266,16.3,22.9,17.6,-1.3,6.6,5.3
267,19.1,20.1,17.6,1.5,1,2.5
268,16.1,20.6,18.5,-2.4,4.5,2.1
269,17.1,21.2,18.5,-1.4,4.1,2.7
270,17.6,21.6,18,-0.4,4,3.6
271,18.9,20.8,17.1,1.8,1.9,3.7
272,16.1,20.1,18.2,-2.1,4,1.9
273,18.7,21.9,17.4,1.3,3.2,4.5
274,17.5,21.7,16.4,1.1,4.2,5.3
275,16.5,20.1,17.1,-0.6,3.6,3
276,18,22.4,17.6,0.4,4.4,4.8
277,17.7,22.2,0,17.7,4.5,22.2
278,16.9,21.1,17.3,-0.4,4.2,3.8
279,17.6,,16.3,1.3,,
280,17.1,21.6,17.6,-0.5,4.5,4
281,17.6,20.1,17.6,0,2.5,2.5
282,18.2,21,17.7,0.5,2.8,3.3
283,19.1,18.8,18.4,0.7,-0.3,0.4
284,16.3,21.9,18.5,-2.2,5.6,3.4
285,19.6,19.4,16.9,2.7,-0.2,2.5
286,15.5,22.5,16.9,-1.4,7,5.6
287,17.3,20.7,16.5,0.8,3.4,4.2
288,18.1,20.8,18.2,-0.1,2.7,2.6
289,17.8,20.4,18.9,-1.1,2.6,1.5
290,16.9,20.7,17.2,-0.3,3.8,3.5
291,17.3,22.4,17.3,0,5.1,5.1
292,17,18.5,19,-2,1.5,-0.5
293,16.9,22.3,18,-1.1,5.4,4.3
294,18.3,21.3,17.9,0.4,3,3.4
295,17.9,19.8,16.3,1.6,1.9,3.5
296,16.8,19.9,18.2,-1.4,3.1,1.7
297,18.4,22.7,16.6,1.8,4.3,6.1
298,17.8,20.1,16.4,1.4,2.3,3.7
299,18.3,19.8,17.2,1.1,1.5,2.6
300,18.1,22.1,,,4,
301,16.7,21.3,17.3,-0.6,4.6,4
302,16.9,20.1,16.1,0.8,3.2,4
303,18.2,21.2,18.5,-0.3,3,2.7
304,18.1,20,18.6,-0.5,1.9,1.4
305,17.5,22.1,15.6,1.9,4.6,6.5
306,17.6,22.1,18.5,-0.9,4.5,3.6
307,18.8,21.5,16.7,2.1,2.7,4.8
308,16.9,21.4,18.4,-1.5,4.5,3
309,18,22.8,17.4,0.6,4.8,5.4
310,17.3,21,17.5,-0.2,3.7,3.5
311,17.3,19.8,17.3,0,2.5,2.5
312,18.6,21.4,18.7,-0.1,2.8,2.7
313,18.3,23.1,16.3,2,4.8,6.8
314,18.3,20,18.1,0.2,1.7,1.9
315,18.8,20.6,18.6,0.2,1.8,2
316,17.5,21.4,18.2,-0.7,3.9,3.2
317,18.2,20.9,19.8,-1.6,2.7,1.1
318,17.2,20,,,2.8,
319,17.8,22.1,18.5,-0.7,4.3,3.6
320,17.4,23.3,17.4,0,5.9,5.9
321,17.6,21.2,18.7,-1.1,3.6,2.5
322,18.1,20.1,17.5,0.6,2,2.6
323,,19.5,17.1,,,2.4
324,19.6,21.3,18.8,0.8,1.7,2.5
325,16.5,22.1,17,-0.5,5.6,5.1
326,16.3,0,16.1,0.2,-16.3,-16.1
327,18.7,21,17,1.7,2.3,4
328,18.3,20.4,18.1,0.2,2.1,2.3
329,18.1,19.9,18.9,-0.8,1.8,1
330,18.1,21.8,17.6,0.5,3.7,4.2
331,17.5,21.9,18.8,-1.3,4.4,3.1
332,16.6,19.5,16.1,0.5,2.9,3.4
333,17.6,22.6,17.1,0.5,5,5.5
334,16.8,21.6,17.2,-0.4,4.8,4.4
335,18.5,22.4,17.4,1.1,3.9,5
336,17.4,19.7,17.6,-0.2,2.3,2.1
337,16.7,19.6,18.2,-1.5,2.9,1.4
338,17.2,20.9,17.1,0.1,3.7,3.8
339,17.9,21.5,17.6,0.3,3.6,3.9
340,16.9,22.8,17.5,-0.6,5.9,5.3
341,16.7,21.7,16.6,0.1,5,5.1
342,17.7,20.8,17.4,0.3,3.1,3.4
343,17.7,20,17.4,0.3,2.3,2.6
344,17,22.2,17.3,-0.3,5.2,4.9
345,17,20,17.5,-0.5,3,2.5
346,0,22.6,17.6,-17.6,22.6,5
347,16.1,20.7,17.1,-1,4.6,3.6
348,16.1,22.6,18.8,-2.7,6.5,3.8
349,16.8,21.7,16.3,0.5,4.9,5.4
350,17.3,,16.8,0.5,,
351,17.8,20.5,20.3,-2.5,2.7,0.2
352,19,20.7,16.5,2.5,1.7,4.2
353,18.4,21.4,16.1,2.3,3,5.3
354,17.3,21.1,18.2,-0.9,3.8,2.9
355,17.5,20.4,15.4,2.1,2.9,5
356,16.5,20.8,17.3,-0.8,4.3,3.5
357,17.5,21.1,19.6,-2.1,3.6,1.5
358,17.2,18.9,16,1.2,1.7,2.9
359,17.8,21.5,15.5,2.3,3.7,6
360,16.7,20,16,0.7,3.3,4
361,18,19.8,18.4,-0.4,1.8,1.4
362,19,19.3,18.6,0.4,0.3,0.7
363,17.4,,17,0.4,,
364,17.9,19.6,18.2,-0.3,1.7,1.4
365,18.2,20.3,18.9,-0.7,2.1,1.4
366,17.1,23,19.3,-2.2,5.9,3.7
367,17.7,20.5,17.3,0.4,2.8,3.2
368,17.5,21.2,15.2,2.3,3.7,6
369,17.6,21.4,16.7,0.9,3.8,4.7
370,16.7,21.1,17.1,-0.4,4.4,4
371,17.5,20.9,17.2,0.3,3.4,3.7
372,18,19.8,17.3,0.7,1.8,2.5
373,19,22.5,18.6,0.4,3.5,3.9
374,18.5,22.8,18.8,-0.3,4.3,4
375,19.7,19.3,17.3,2.4,-0.4,2
376,16.7,20,18.6,-1.9,3.3,1.4
377,18.4,20.7,17.9,0.5,2.3,2.8
378,17.7,20,17.6,0.1,2.3,2.4
379,19.7,0,18.4,1.3,-19.7,-18.4
380,16.7,20.3,17.6,-0.9,3.6,2.7
381,16.7,23.2,19.6,-2.9,6.5,3.6
382,16.9,22.2,16.1,0.8,5.3,6.1
383,15.4,21.2,17,-1.6,5.8,4.2
384,17,22,17.4,-0.4,5,4.6
385,16.7,22.1,17.9,-1.2,5.4,4.2
386,17.7,20.4,18.8,-1.1,2.7,1.6
387,17.8,20.2,17.5,0.3,2.4,2.7
388,19.4,21.1,16.1,3.3,1.7,5
389,18.5,21.9,18.3,0.2,3.4,3.6
390,16.9,21.1,18.3,-1.4,4.2,2.8
391,16.6,19.4,15.6,1,2.8,3.8
392,18,20.2,17.5,0.5,2.2,2.7
393,16.2,20.9,15.9,0.3,4.7,5
394,19.3,20.9,16.8,2.5,1.6,4.1
395,18.7,23,16.6,2.1,4.3,6.4
396,17,19.6,18.3,-1.3,2.6,1.3
397,15.8,21.5,17.6,-1.8,5.7,3.9
398,18.9,22.5,16.2,2.7,3.6,6.3
399,17.4,23.3,18.4,-1,5.9,4.9
400,18.7,20.6,16.1,2.6,1.9,4.5
401,15.9,21.5,17.8,-1.9,5.6,3.7
402,16.9,21.6,16.7,0.2,4.7,4.9
403,17.5,21.2,17.1,0.4,3.7,4.1
404,17.5,20.9,18,-0.5,3.4,2.9
405,17,21.4,18,-1,4.4,3.4
406,18.1,18.5,,,0.4,
407,16.4,21.7,17.4,-1,5.3,4.3
408,17.4,21.1,17.8,-0.4,3.7,3.3
409,17.6,,17.1,0.5,,
410,18,23,17.7,0.3,5,5.3
411,18.2,20.3,17.9,0.3,2.1,2.4
412,16.4,20.6,17.4,-1,4.2,3.2
413,16,23,15.7,0.3,7,7.3
414,18.8,20.2,17.8,1,1.4,2.4
415,17.8,20.4,17.9,-0.1,2.6,2.5
416,16.8,20.9,16.8,0,4.1,4.1
417,19.1,21.8,16.2,2.9,2.7,5.6
418,17.6,21.2,19,-1.4,3.6,2.2
419,18.7,19.7,18,0.7,1,1.7
420,17.6,20.5,17.3,0.3,2.9,3.2
421,19.6,20.4,16.4,3.2,0.8,4
422,19.3,20.9,16.7,2.6,1.6,4.2
423,17.3,21.4,18.8,-1.5,4.1,2.6
424,18.5,21.4,17.6,0.9,2.9,3.8
425,18.1,19.2,16.9,1.2,1.1,2.3
426,18.9,22.1,18,0.9,3.2,4.1
427,16.5,21.3,16.7,-0.2,4.8,4.6
428,18.2,22.4,19,-0.8,4.2,3.4
429,18.6,21.4,18.9,-0.3,2.8,2.5
430,15.7,22.1,17,-1.3,6.4,5.1
431,16.3,21.5,16.9,-0.6,5.2,4.6
432,15.5,22.3,14.9,0.6,6.8,7.4
433,,21.5,16,,,5.5
434,18.2,20.9,16.2,2,2.7,4.7
435,19,23.3,17.6,1.4,4.3,5.7
436,17.6,21.9,17.2,0.4,4.3,4.7
437,19.1,21.6,16.2,2.9,2.5,5.4
438,16.1,19.7,17.2,-1.1,3.6,2.5
439,15.8,19.7,18,-2.2,3.9,1.7
440,17.4,21.3,18,-0.6,3.9,3.3
441,17.9,21.1,15.6,2.3,3.2,5.5
442,17.5,20.4,17.4,0.1,2.9,3
443,0,21.1,16.1,-16.1,21.1,5
444,17.4,22.6,18.4,-1,5.2,4.2
445,16.2,21.7,18.3,-2.1,5.5,3.4
446,18.2,19.9,16.6,1.6,1.7,3.3
447,17.9,20.9,16.7,1.2,3,4.2
448,16.6,20.2,17,-0.4,3.6,3.2
449,17,20.6,15.2,1.8,3.6,5.4
450,16.4,20.6,17.8,-1.4,4.2,2.8
451,17.4,20.5,17.2,0.2,3.1,3.3
452,18.5,19.7,18.5,0,1.2,1.2
453,16.5,20.9,16.4,0.1,4.4,4.5
454,18,20.4,16.9,1.1,2.4,3.5
455,17,18.1,16,1,1.1,2.1
456,16.7,23.1,16.5,0.2,6.4,6.6
457,17.4,22.1,16.3,1.1,4.7,5.8
458,16.5,20.6,18.5,-2,4.1,2.1
459,16.9,21,16.8,0.1,4.1,4.2
460,16.3,19.8,17.6,-1.3,3.5,2.2
461,19.5,22.7,17.1,2.4,3.2,5.6
462,17.5,22.9,16.2,1.3,5.4,6.7
463,16.8,21.2,17.3,-0.5,4.4,3.9
464,17.7,22,18.1,-0.4,4.3,3.9
465,17.4,21.2,16.3,1.1,3.8,4.9
466,17.3,19.7,18.3,-1,2.4,1.4
467,18.1,20.6,16.7,1.4,2.5,3.9
468,18.3,21.1,17,1.3,2.8,4.1
469,17,20.5,18,-1,3.5,2.5
470,16.9,,16.8,0.1,,
471,17.2,20.9,17.5,-0.3,3.7,3.4
472,15.2,20.9,17.2,-2,5.7,3.7
473,16,21.1,17.6,-1.6,5.1,3.5
474,18.9,19.9,15.1,3.8,1,4.8
475,19.1,20.3,15.7,3.4,1.2,4.6
476,17.3,19.7,18.1,-0.8,2.4,1.6
477,18.1,22,18.5,-0.4,3.9,3.5
478,17.8,18.9,16.6,1.2,1.1,2.3
479,20.6,22.2,17.3,3.3,1.6,4.9
480,18.6,22.4,17.8,0.8,3.8,4.6
481,17.4,20.7,18.2,-0.8,3.3,2.5
482,16.5,18.4,15.5,1,1.9,2.9
483,15.9,20.6,16.6,-0.7,4.7,4
484,17.7,20.9,17.2,0.5,3.2,3.7
485,16.7,20,18.2,-1.5,3.3,1.8
486,16.1,20.5,20,-3.9,4.4,0.5
487,16.9,22.5,17.3,-0.4,5.6,5.2
488,16.4,21.7,16.1,0.3,5.3,5.6
489,,20.1,17.9,,,2.2
490,18.4,19.4,18.8,-0.4,1,0.6
491,17.5,20.7,17.6,-0.1,3.2,3.1
492,19,20.8,16.6,2.4,1.8,4.2
493,17.6,21.5,18.5,-0.9,3.9,3
494,16.6,20.5,18.2,-1.6,3.9,2.3
495,19,21.5,16.5,2.5,2.5,5
496,18,22.9,17.9,0.1,4.9,5
497,16.5,21.8,18.5,-2,5.3,3.3
498,17.3,21,18.7,-1.4,3.7,2.3
499,16.6,20.8,17.4,-0.8,4.2,3.4
500,16.1,20.6,17.1,-1,4.5,3.5
501,18.4,22.2,18.7,-0.3,3.8,3.5
502,19.4,20.4,16.3,3.1,1,4.1
503,16.1,21,17.9,-1.8,4.9,3.1
504,18.1,21.1,16.1,2,3,5
505,16.8,20.5,0,16.8,3.7,20.5
506,17,19.6,17.2,-0.2,2.6,2.4
507,16.9,21.3,18.8,-1.9,4.4,2.5
508,16.6,20.9,18,-1.4,4.3,2.9
509,17.5,21.5,16.3,1.2,4,5.2
510,16.7,0,18.9,-2.2,-16.7,-18.9
511,17.8,22.2,19.1,-1.3,4.4,3.1
512,17.4,20.1,18.4,-1,2.7,1.7
513,17.3,22.7,16.7,0.6,5.4,6
514,16.6,19.3,17.2,-0.6,2.7,2.1
515,16.9,21.4,17.6,-0.7,4.5,3.8
516,18.3,21.5,16.8,1.5,3.2,4.7
517,18,20.2,19.2,-1.2,2.2,1
518,16.5,21.4,17.6,-1.1,4.9,3.8
519,17.6,22.3,14.8,2.8,4.7,7.5
520,,18.8,17.8,,,1
521,15.8,21.5,17.2,-1.4,5.7,4.3
522,18,18.5,17.4,0.6,0.5,1.1
523,16.8,20,17.1,-0.3,3.2,2.9
524,18.1,22.6,18.3,-0.2,4.5,4.3
525,16.7,20.4,18.6,-1.9,3.7,1.8
526,15.7,19.8,17.8,-2.1,4.1,2
527,15.9,20.8,17.2,-1.3,4.9,3.6
528,17.5,23.1,17.5,0,5.6,5.6
529,25,34.8,27,-2,9.8,7.8
530,16.6,19.9,16.7,-0.1,3.3,3.2
531,18.1,22.5,18.1,0,4.4,4.4
532,15.8,22.9,18,-2.2,7.1,4.9
533,17.4,20.9,19,-1.6,3.5,1.9
534,16.3,19.8,18.8,-2.5,3.5,1
535,16.8,23.1,16.8,0,6.3,6.3
536,17.5,22.6,18.3,-0.8,5.1,4.3
537,16.6,21.7,16.5,0.1,5.1,5.2
538,17.1,20.2,18.2,-1.1,3.1,2
539,18.5,21,17,1.5,2.5,4
540,16.9,20.8,16.5,0.4,3.9,4.3
541,,21.3,17.8,,,3.5
542,16.4,22.5,14.8,1.6,6.1,7.7
543,18,21.9,15.7,2.3,3.9,6.2
544,18.9,19.9,17.3,1.6,1,2.6
545,15,22.4,17.6,-2.6,7.4,4.8
546,16.7,21.3,17.1,-0.4,4.6,4.2
547,,21.7,15.9,,,5.8
548,17.3,22.5,16.7,0.6,5.2,5.8
549,17.9,19.9,17.9,0,2,2
550,16.9,21,18.1,-1.2,4.1,2.9
551,17.6,20.5,17.5,0.1,2.9,3
552,17.3,19.4,18.7,-1.4,2.1,0.7
553,18.7,21.3,17.9,0.8,2.6,3.4
554,17.8,23.5,16.8,1,5.7,6.7
555,17.8,19.2,17.2,0.6,1.4,2
556,17.1,21,16.1,1,3.9,4.9
557,17,21.6,17.4,-0.4,4.6,4.2
558,17.1,21.1,18.6,-1.5,4,2.5
559,17.9,20.9,18.2,-0.3,3,2.7
560,17.1,19.7,18.9,-1.8,2.6,0.8
561,17.8,21.2,17.2,0.6,3.4,4
562,19.6,20.2,18.8,0.8,0.6,1.4
563,18.4,18.8,17.3,1.1,0.4,1.5
564,17.2,22.2,19,-1.8,5,3.2
565,18.7,22,17.5,1.2,3.3,4.5
566,17.1,21.1,18.2,-1.1,4,2.9
567,15.5,0,19,-3.5,-15.5,-19
568,16.5,22.1,17.3,-0.8,5.6,4.8
569,15.6,21.2,17.7,-2.1,5.6,3.5
570,17.1,,18.8,-1.7,,
571,17.5,20.7,17.4,0.1,3.2,3.3
572,19.2,22.3,16.2,3,3.1,6.1
573,17.8,21.3,19.6,-1.8,3.5,1.7
574,17.3,21.2,17,0.3,3.9,4.2
575,18.3,19.7,17.7,0.6,1.4,2
576,15.3,21.3,18.7,-3.4,6,2.6
577,17.7,20.2,16.9,0.8,2.5,3.3
578,18.3,20.4,16.5,1.8,2.1,3.9
579,16,20.2,17.8,-1.8,4.2,2.4
580,18.6,19.9,15.7,2.9,1.3,4.2
581,17.8,23.1,17.2,0.6,5.3,5.9
582,17.1,22.3,17.7,-0.6,5.2,4.6
583,18.1,22.9,17.2,0.9,4.8,5.7
584,19.8,19.8,16,3.8,0,3.8
585,17.7,21.1,19.1,-1.4,3.4,2
586,17.7,19.7,17.6,0.1,2,2.1
587,17,20.3,18.9,-1.9,3.3,1.4
588,16.7,20.1,17.2,-0.5,3.4,2.9
589,18.3,22.2,16.6,1.7,3.9,5.6
590,16.6,20.6,17.8,-1.2,4,2.8
591,17.6,22.1,,,4.5,
592,17,21.6,16.3,0.7,4.6,5.3
593,18,23.3,19,-1,5.3,4.3
594,17.8,19.5,16.9,0.9,1.7,2.6
595,18.5,22.3,15.7,2.8,3.8,6.6
596,17,22.1,18.8,-1.8,5.1,3.3
597,17.2,20,17,0.2,2.8,3
598,16.5,22,16.9,-0.4,5.5,5.1
599,17.1,21.3,15.7,1.4,4.2,5.6
600,17.9,20.8,19.2,-1.3,2.9,1.6
601,18.3,20.2,16.2,2.1,1.9,4
602,16.6,20.3,17.6,-1,3.7,2.7
603,18.4,23,18.4,0,4.6,4.6
604,18.9,21,17.9,1,2.1,3.1
605,17.9,21.8,17.4,0.5,3.9,4.4
606,19.4,20.2,15.8,3.6,0.8,4.4
607,16.7,20.2,16.7,0,3.5,3.5
608,16.3,22.1,17.7,-1.4,5.8,4.4
609,15.7,19.7,16.7,-1,4,3
610,19,20.6,17.7,1.3,1.6,2.9
611,18.2,21,18.2,0,2.8,2.8
612,17.4,21.1,18.5,-1.1,3.7,2.6
613,17.8,20.8,16.3,1.5,3,4.5
614,16.4,21.4,19.7,-3.3,5,1.7
615,19.9,21.7,18.3,1.6,1.8,3.4
616,17.6,21.7,17.5,0.1,4.1,4.2
617,17.6,20,18.6,-1,2.4,1.4
618,18.2,20.7,19.9,-1.7,2.5,0.8
619,18,22.2,0,18,4.2,22.2
620,17.7,21.9,17.3,0.4,4.2,4.6
621,16.7,19.6,15.1,1.6,2.9,4.5
622,18,21.4,17.7,0.3,3.4,3.7
623,0,19,17.9,-17.9,19,1.1
624,18.8,21,17.5,1.3,2.2,3.5
625,19.1,22.9,16.8,2.3,3.8,6.1
626,17,20.1,15.5,1.5,3.1,4.6
627,16.5,20.2,17.9,-1.4,3.7,2.3
628,17.4,21.8,19,-1.6,4.4,2.8
629,17.6,19.5,16.9,0.7,1.9,2.6
630,18.6,20.4,17.9,0.7,1.8,2.5
631,15.8,21.6,15.9,-0.1,5.8,5.7
632,19,20.4,18,1,1.4,2.4
633,17.3,20.8,17.1,0.2,3.5,3.7
634,17.1,21.7,16.7,0.4,4.6,5
635,16.5,21.4,16.7,-0.2,4.9,4.7
636,15.8,21.3,17.1,-1.3,5.5,4.2
637,18.3,20.7,17.9,0.4,2.4,2.8
638,17.6,21.4,16.2,1.4,3.8,5.2
639,16.2,20.9,17.1,-0.9,4.7,3.8
640,16.2,21.5,17.5,-1.3,5.3,4
641,17.2,20.5,,,3.3,
642,19.2,20.8,19.3,-0.1,1.6,1.5
643,17.2,20,16.6,0.6,2.8,3.4
644,16,21,16.8,-0.8,5,4.2
645,17.3,20.2,16.5,0.8,2.9,3.7
646,17.2,19.9,19.3,-2.1,2.7,0.6
647,14.8,21.3,18.1,-3.3,6.5,3.2
648,17.4,21.2,16.6,0.8,3.8,4.6
649,17.3,21.8,18.6,-1.3,4.5,3.2
650,18.2,20.6,17.7,0.5,2.4,2.9
651,19.3,21.4,,,2.1,
652,18.6,21.6,17.2,1.4,3,4.4
653,17.2,21.4,16.8,0.4,4.2,4.6
654,16.4,20.2,17.8,-1.4,3.8,2.4
655,20.1,21.1,17,3.1,1,4.1
656,17.6,21.4,19.3,-1.7,3.8,2.1
657,17.5,21,0,17.5,3.5,21
658,17.5,18.9,19,-1.5,1.4,-0.1
659,17.7,21.2,17.4,0.3,3.5,3.8
660,17.4,23.2,17.8,-0.4,5.8,5.4
661,16.9,20.6,,,3.7,
662,17,20.3,16.9,0.1,3.3,3.4
663,17.5,21.4,18.4,-0.9,3.9,3
664,17,21.3,14.8,2.2,4.3,6.5
665,16.8,22.2,16.8,0,5.4,5.4
666,17.6,19.7,16.6,1,2.1,3.1
667,17.2,21.7,16.2,1,4.5,5.5
668,19,21.6,,,2.6,
669,14.8,20.9,17.9,-3.1,6.1,3
670,18.6,21.3,18.2,0.4,2.7,3.1
671,18.7,22,17.7,1,3.3,4.3
672,26.3,32.7,28.1,-1.8,6.4,4.6
673,17.2,19.9,17.9,-0.7,2.7,2
674,17.1,21.8,17.6,-0.5,4.7,4.2
675,16.1,20.9,18.4,-2.3,4.8,2.5
676,16.7,21.1,18.3,-1.6,4.4,2.8
677,16.4,21.1,17.5,-1.1,4.7,3.6
678,19.3,20.8,16.6,2.7,1.5,4.2
679,18.4,22.2,16.8,1.6,3.8,5.4
680,0,20.9,17,-17,20.9,3.9
681,18.2,19.9,17.2,1,1.7,2.7
682,16.4,20.6,17.8,-1.4,4.2,2.8
683,17,21.2,18.2,-1.2,4.2,3
684,18,22.2,17.4,0.6,4.2,4.8
685,16.3,21.6,17.5,-1.2,5.3,4.1
686,18.2,20.1,17.6,0.6,1.9,2.5
687,17.3,23.5,17,0.3,6.2,6.5
688,17.1,21.3,16.6,0.5,4.2,4.7
689,18.2,22.3,15.7,2.5,4.1,6.6
690,17.9,20.8,16.8,1.1,2.9,4
691,17.1,21.5,18,-0.9,4.4,3.5
692,18.7,21.8,16.8,1.9,3.1,5
693,16.4,22.2,17.3,-0.9,5.8,4.9
694,18.1,22.1,18,0.1,4,4.1
695,18.1,21.9,18,0.1,3.8,3.9
696,17.2,20.7,16.4,0.8,3.5,4.3
697,17.8,20.4,18.5,-0.7,2.6,1.9
698,16.2,21.3,18.6,-2.4,5.1,2.7
699,18.4,,16.4,2,,
700,17.3,20.8,,,3.5,
701,17,22.1,18.7,-1.7,5.1,3.4
702,18.5,22.5,17.4,1.1,4,5.1
703,16.8,20.1,15.3,1.5,3.3,4.8
704,16.1,20.2,16.1,0,4.1,4.1
705,15.9,20.9,17.3,-1.4,5,3.6
706,18.1,21.3,16.3,1.8,3.2,5
707,16.2,20.5,17.1,-0.9,4.3,3.4
708,19.3,22.4,17.5,1.8,3.1,4.9
709,15.4,21.4,19,-3.6,6,2.4
710,19.2,21,17.2,2,1.8,3.8
711,17.7,19.6,18.6,-0.9,1.9,1
712,17.4,19.7,18.9,-1.5,2.3,0.8
713,17,21.3,18.9,-1.9,4.3,2.4
714,17.9,18.9,17.8,0.1,1,1.1
715,17.5,22,,,4.5,
716,18.6,20.8,18,0.6,2.2,2.8
717,17.6,24.2,18.5,-0.9,6.6,5.7
718,17.7,23.3,17.4,0.3,5.6,5.9
719,17.1,20.8,19.2,-2.1,3.7,1.6
720,17.4,20.9,18.4,-1,3.5,2.5
721,17.8,22,18.1,-0.3,4.2,3.9
722,15.8,22.7,18.6,-2.8,6.9,4.1
723,16.2,19.4,17.8,-1.6,3.2,1.6
724,18.2,19.2,15,3.2,1,4.2
725,17.7,20.4,17,0.7,2.7,3.4
726,17.3,21.6,18.7,-1.4,4.3,2.9
727,17.5,21.5,16.7,0.8,4,4.8
728,17.8,22.1,17.3,0.5,4.3,4.8
729,17,19.8,16.5,0.5,2.8,3.3
730,16.7,18.7,19.3,-2.6,2,-0.6
731,17.7,21.9,19.2,-1.5,4.2,2.7
732,16.5,20.2,16.6,-0.1,3.7,3.6
733,17.9,19,17.6,0.3,1.1,1.4
734,,21.1,16.8,,,4.3
735,18.5,21.8,18.1,0.4,3.3,3.7
736,18,20.9,18,0,2.9,2.9
737,17.8,20.5,18.3,-0.5,2.7,2.2
738,18.5,0,17.8,0.7,-18.5,-17.8
739,19.2,20.6,20.4,-1.2,1.4,0.2
740,18.5,19.7,16.5,2,1.2,3.2
741,15.7,20.3,15.8,-0.1,4.6,4.5
742,16.2,21.5,17.1,-0.9,5.3,4.4
743,16.9,21.3,15.9,1,4.4,5.4
744,17.5,21.2,16,1.5,3.7,5.2
745,18,20,16.5,1.5,2,3.5
746,16.8,20.8,16.6,0.2,4,4.2
747,17.7,18.8,16.5,1.2,1.1,2.3
748,16.7,21.2,18,-1.3,4.5,3.2
749,16.9,22.4,17,-0.1,5.5,5.4
750,16.1,19.5,17.3,-1.2,3.4,2.2
751,16.6,,18.4,-1.8,,
752,16.1,21.3,16.7,-0.6,5.2,4.6
753,16.5,22.3,17.2,-0.7,5.8,5.1
754,18.6,20.6,17.9,0.7,2,2.7
755,16.6,0,15.6,1,-16.6,-15.6
756,20.1,19,15.1,5,-1.1,3.9
757,18,21.1,17.8,0.2,3.1,3.3
758,17.7,23,18,-0.3,5.3,5
759,16.6,21.3,19.6,-3,4.7,1.7
760,18.2,21,17.7,0.5,2.8,3.3
761,16.9,21.3,0,16.9,4.4,21.3
762,29.8,31.4,25.3,4.5,1.6,6.1
763,20.1,20.2,17.8,2.3,0.1,2.4
764,17.4,21.8,19.2,-1.8,4.4,2.6
765,18.6,21.2,15.4,3.2,2.6,5.8
766,16.8,21,17.9,-1.1,4.2,3.1
767,17.5,20,19.6,-2.1,2.5,0.4
768,19.3,22.3,17.8,1.5,3,4.5
769,16.9,21.7,19.2,-2.3,4.8,2.5
770,19.3,20.4,16.9,2.4,1.1,3.5
771,18.2,22,17.5,0.7,3.8,4.5
772,16.9,20.5,17.5,-0.6,3.6,3
773,18.1,20.2,15.3,2.8,2.1,4.9
774,18.5,20.2,16.3,2.2,1.7,3.9
775,18.1,19.2,16.4,1.7,1.1,2.8
776,15.9,21.5,18.3,-2.4,5.6,3.2
777,16.8,19.2,18.4,-1.6,2.4,0.8
778,17.3,19.8,17.8,-0.5,2.5,2
779,17.4,18.9,18.3,-0.9,1.5,0.6
780,18.1,20.9,17.3,0.8,2.8,3.6
781,17.7,20.8,18.7,-1,3.1,2.1
782,0,20.7,,,20.7,
783,17.9,20,17.6,0.3,2.1,2.4
784,18.1,19.8,17.2,0.9,1.7,2.6
785,18.1,21.5,18.2,-0.1,3.4,3.3
786,18.6,20.4,17.1,1.5,1.8,3.3
787,18.3,21.3,18.5,-0.2,3,2.8
788,18,20.1,16.4,1.6,2.1,3.7
789,17.4,21.2,16.4,1,3.8,4.8
790,15.8,22.3,18.2,-2.4,6.5,4.1
791,17.9,21.6,17.4,0.5,3.7,4.2
792,17.7,20.6,17,0.7,2.9,3.6
793,17.8,21.3,18.4,-0.6,3.5,2.9
794,16.2,20.8,16.9,-0.7,4.6,3.9
795,16.4,21,17.3,-0.9,4.6,3.7
796,18.6,20.7,18.9,-0.3,2.1,1.8
797,17.5,20.8,19,-1.5,3.3,1.8
798,18.2,21.2,19.1,-0.9,3,2.1
799,17.5,20,17.2,0.3,2.5,2.8
800,17.5,20,18.7,-1.2,2.5,1.3
801,18.4,19.6,16.6,1.8,1.2,3
802,17,19.4,16.6,0.4,2.4,2.8
803,17.6,0,15.1,2.5,-17.6,-15.1
804,17,21.2,19.2,-2.2,4.2,2
805,17.1,20.1,16.6,0.5,3,3.5
806,17.2,21.5,17.4,-0.2,4.3,4.1
807,17.7,21,16.6,1.1,3.3,4.4
808,,19,18.2,,,0.8
809,18.8,21.7,17.1,1.7,2.9,4.6
810,16.6,21.8,16.2,0.4,5.2,5.6
811,17.3,20,17.9,-0.6,2.7,2.1
812,17.1,21.4,16.1,1,4.3,5.3
813,18.9,20.1,16.7,2.2,1.2,3.4
814,17.7,21.1,15.4,2.3,3.4,5.7
815,18.5,19.7,16.1,2.4,1.2,3.6
816,16,19.2,17.7,-1.7,3.2,1.5
817,17.8,,15.5,2.3,,
818,18.4,20.9,16,2.4,2.5,4.9
819,17.6,20.6,17.5,0.1,3,3.1
820,18.6,19.8,17,1.6,1.2,2.8
821,17,20.6,19.5,-2.5,3.6,1.1
822,18.9,21.3,19.3,-0.4,2.4,2
823,19.8,21,16.6,3.2,1.2,4.4
824,17.1,21.2,18.1,-1,4.1,3.1
825,17.1,20.3,18.2,-1.1,3.2,2.1
826,19,22.2,16.9,2.1,3.2,5.3
827,19.1,19.8,16,3.1,0.7,3.8
828,17,21.5,17.5,-0.5,4.5,4
829,17.1,22.2,17.3,-0.2,5.1,4.9
830,17.2,21.5,17.1,0.1,4.3,4.4
831,16.2,20.8,17.9,-1.7,4.6,2.9
832,16.6,20.5,16.7,-0.1,3.9,3.8
833,16.5,,16.3,0.2,,
834,16.7,19.6,17.6,-0.9,2.9,2
835,17.5,20,17.9,-0.4,2.5,2.1
836,,20.6,16.3,,,4.3
837,19.1,,18.4,0.7,,
838,16.5,21.4,15.7,0.8,4.9,5.7
839,18.5,20,16.9,1.6,1.5,3.1
840,7.2,14.3,6.9,0.3,7.1,7.4
841,17.5,,16.9,0.6,,
842,18.2,20.3,16.9,1.3,2.1,3.4
843,,22,19.4,,,2.6
844,17.9,19.6,16.6,1.3,1.7,3
845,17.7,22.6,19.9,-2.2,4.9,2.7
846,18,21.8,17.9,0.1,3.8,3.9
847,17.8,22.1,17.6,0.2,4.3,4.5
848,20,20.5,18,2,0.5,2.5
849,16.9,20.9,20,-3.1,4,0.9
850,17,19.6,16.5,0.5,2.6,3.1
851,16.9,20.5,16.4,0.5,3.6,4.1
852,16.9,21.5,16.7,0.2,4.6,4.8
853,16.9,,17.5,-0.6,,
854,18.7,19.9,15.8,2.9,1.2,4.1
855,18.9,20.6,17.5,1.4,1.7,3.1
856,16.9,20.8,19.2,-2.3,3.9,1.6
857,16.7,19.6,17.7,-1,2.9,1.9
858,18,21.6,17.2,0.8,3.6,4.4
859,16.9,20.3,16.9,0,3.4,3.4
860,0,20.8,18.4,-18.4,20.8,2.4
861,,20.5,16.7,,,3.8
862,16,20.2,19.3,-3.3,4.2,0.9
863,19,21,19.4,-0.4,2,1.6
864,19.3,20.8,17.8,1.5,1.5,3
865,16.9,20.6,17.5,-0.6,3.7,3.1
866,17.1,,18.5,-1.4,,
867,17.8,21.3,18.6,-0.8,3.5,2.7
868,17.8,22.7,16.7,1.1,4.9,6
869,18.2,21.1,17,1.2,2.9,4.1
870,19.5,22,16.2,3.3,2.5,5.8
871,17.3,19.6,17.9,-0.6,2.3,1.7
872,16.7,21.2,18.2,-1.5,4.5,3
873,16.1,19.9,16.2,-0.1,3.8,3.7
874,16.8,19.5,17,-0.2,2.7,2.5
875,17.5,20.3,16.2,1.3,2.8,4.1
876,19.3,22.2,16.6,2.7,2.9,5.6
877,17,22,18.1,-1.1,5,3.9
878,17.7,21.2,16.8,0.9,3.5,4.4
879,17.5,19.5,17.2,0.3,2,2.3
880,18.7,20.8,15.9,2.8,2.1,4.9
881,20,21.3,17.7,2.3,1.3,3.6
882,17,21.2,17.5,-0.5,4.2,3.7
883,,19.2,16.8,,,2.4
884,18.5,20.1,17.3,1.2,1.6,2.8
885,18.2,20.9,17.7,0.5,2.7,3.2
886,19.3,21.5,16.7,2.6,2.2,4.8
887,18.1,18.8,16,2.1,0.7,2.8
888,17.1,20.8,19.3,-2.2,3.7,1.5
889,18.1,21.1,,,3,
890,18.6,21.8,17.4,1.2,3.2,4.4
891,18.3,21.7,18.5,-0.2,3.4,3.2
892,18,21.6,21,-3,3.6,0.6
893,18.6,20.2,16.3,2.3,1.6,3.9
894,18.7,19.1,17.9,0.8,0.4,1.2
895,18.9,20.6,16.8,2.1,1.7,3.8
896,18.1,22,17,1.1,3.9,5
897,17.3,22.4,16.8,0.5,5.1,5.6
898,17.6,21.7,16.4,1.2,4.1,5.3
899,,21.4,17.5,,,3.9
900,,21.4,16,,,5.4
901,17.9,20.4,18.4,-0.5,2.5,2
902,17.1,20.9,17.6,-0.5,3.8,3.3
903,17.5,22.7,17.9,-0.4,5.2,4.8
904,18.8,,17,1.8,,
905,17.7,22.6,17.1,0.6,4.9,5.5
906,17.5,20.7,17.8,-0.3,3.2,2.9
907,16.1,22.3,16.3,-0.2,6.2,6
908,18.2,19.6,17.1,1.1,1.4,2.5
909,18.1,21.6,16.6,1.5,3.5,5
910,,20.3,16.6,,,3.7
911,17.2,19.6,15.4,1.8,2.4,4.2
912,17.7,,18.8,-1.1,,
913,,22,16.8,,,5.2
914,19.1,20.2,18.7,0.4,1.1,1.5
915,17.4,19.5,18.6,-1.2,2.1,0.9
916,,20.9,16.2,,,4.7
917,18.1,20.9,16.4,1.7,2.8,4.5
918,17.7,21.5,20.1,-2.4,3.8,1.4
919,17.1,21.9,19.3,-2.2,4.8,2.6
920,17.7,20.9,,,3.2,
921,18.6,22.9,17.8,0.8,4.3,5.1
922,16.5,21.2,16.9,-0.4,4.7,4.3
923,17.6,20.7,,,3.1,
924,16.8,19.4,16.8,0,2.6,2.6
925,18.7,20.7,15.5,3.2,2,5.2
926,16,20.7,16.2,-0.2,4.7,4.5
927,16.9,22,17.5,-0.6,5.1,4.5
928,17.9,21.5,16.4,1.5,3.6,5.1
929,,19.8,17.4,,,2.4
930,17.4,21.2,16.4,1,3.8,4.8
931,16.9,21.7,16.7,0.2,4.8,5
932,19.4,22.5,18.4,1,3.1,4.1
933,16.1,21.9,17.7,-1.6,5.8,4.2
934,15.3,21.8,17.5,-2.2,6.5,4.3
935,17.9,21.1,18.4,-0.5,3.2,2.7
936,17,21.4,18,-1,4.4,3.4
937,16.5,22.2,18.9,-2.4,5.7,3.3
938,18.2,19.7,17,1.2,1.5,2.7
939,17.7,20.7,17.1,0.6,3,3.6
940,16.9,20.2,16.2,0.7,3.3,4
941,16.2,21.4,17.1,-0.9,5.2,4.3
942,18.4,22.2,18.5,-0.1,3.8,3.7
943,18.2,20.4,18.8,-0.6,2.2,1.6
944,17.4,18.6,18.5,-1.1,1.2,0.1
945,19.3,20.6,15.7,3.6,1.3,4.9
946,16.4,21.9,18.6,-2.2,5.5,3.3
947,16,21.5,15.7,0.3,5.5,5.8
948,16.8,21.4,18.4,-1.6,4.6,3
949,17.5,20.7,17.1,0.4,3.2,3.6
950,17.7,19.7,18.2,-0.5,2,1.5
951,17.3,21.5,,,4.2,
952,17.9,20.2,18.7,-0.8,2.3,1.5
953,16.2,23.2,16,0.2,7,7.2
954,18.9,21.6,16.8,2.1,2.7,4.8
955,17.4,20.4,16.5,0.9,3,3.9
956,,20.4,15.7,,,4.7
957,17.8,20.9,17.6,0.2,3.1,3.3
958,18,20.8,19.3,-1.3,2.8,1.5
959,18.1,22.1,20.2,-2.1,4,1.9
960,17.9,21.2,17.6,0.3,3.3,3.6
961,18.1,20.3,18.6,-0.5,2.2,1.7
962,18.8,22.9,17.7,1.1,4.1,5.2
963,17.7,21,18,-0.3,3.3,3
964,18.2,21.8,17.2,1,3.6,4.6
965,17.4,20.4,17.7,-0.3,3,2.7
966,18.9,21.4,18,0.9,2.5,3.4
967,16.8,21.3,16.9,-0.1,4.5,4.4
968,19.3,19.1,17.4,1.9,-0.2,1.7
969,17.5,23,17.4,0.1,5.5,5.6
970,16.1,22.3,18.3,-2.2,6.2,4
971,17.6,20.6,16.4,1.2,3,4.2
972,16.8,19.9,17.4,-0.6,3.1,2.5
973,18.3,21.3,19.4,-1.1,3,1.9
974,16.8,21.1,18.7,-1.9,4.3,2.4
975,17.1,21.4,18.8,-1.7,4.3,2.6
976,,21.2,17.5,,,3.7
977,17,21.5,17.8,-0.8,4.5,3.7
978,15.1,22.4,18.5,-3.4,7.3,3.9
979,15.9,21.6,19.1,-3.2,5.7,2.5
980,18.3,20,15.5,2.8,1.7,4.5
981,18.3,22.4,16.2,2.1,4.1,6.2
982,17.9,22.6,18.8,-0.9,4.7,3.8
983,16.5,24.2,17.2,-0.7,7.7,7
984,17.5,19.9,16.8,0.7,2.4,3.1
985,17.5,21.2,16.2,1.3,3.7,5
986,16.3,18.9,16.9,-0.6,2.6,2
987,19,21.6,,,2.6,
988,18.4,20.5,19.6,-1.2,2.1,0.9
989,17.3,22.9,17.5,-0.2,5.6,5.4
990,17.5,20.2,17.4,0.1,2.7,2.8
991,17.7,19.3,18.1,-0.4,1.6,1.2
992,15.5,20.5,18.5,-3,5,2
993,17.3,19,18.4,-1.1,1.7,0.6
994,16.8,21.8,18.6,-1.8,5,3.2
995,16.5,18.9,16.9,-0.4,2.4,2
996,17.2,21,17.2,0,3.8,3.8
997,19.3,18.9,18.3,1,-0.4,0.6
998,18.1,,17,1.1,,
999,16.9,22.6,17.5,-0.6,5.7,5.1
1000,18.1,21.4,17.9,0.2,3.3,3.5
1001,18.9,,18.3,0.6,,
1002,18.4,21,15.7,2.7,2.6,5.3
1003,17.6,21,18.2,-0.6,3.4,2.8
1004,16.9,21.5,17.3,-0.4,4.6,4.2
1005,18.2,19.6,18.2,0,1.4,1.4
1006,17.9,21.6,18.3,-0.4,3.7,3.3
1007,18.4,18.3,19.1,-0.7,-0.1,-0.8
1008,18.1,20.4,18.9,-0.8,2.3,1.5
1009,18.5,20.5,18.8,-0.3,2,1.7
1010,17,21.6,18.9,-1.9,4.6,2.7
1011,18.8,21,17.8,1,2.2,3.2
1012,17.7,19.6,17.5,0.2,1.9,2.1
1013,19.6,20,18.4,1.2,0.4,1.6
1014,16.8,21.2,18.2,-1.4,4.4,3
1015,19.2,20.9,17.2,2,1.7,3.7
1016,17.7,20.4,0,17.7,2.7,20.4
1017,16.8,20.5,17.5,-0.7,3.7,3
1018,17,21.7,16.6,0.4,4.7,5.1
1019,17.2,20.5,18.8,-1.6,3.3,1.7
1020,17.9,20.9,17.6,0.3,3,3.3
1021,18,23.2,19.5,-1.5,5.2,3.7
1022,16.9,19.6,15.9,1,2.7,3.7
1023,17.5,19.1,16.9,0.6,1.6,2.2
1024,19.6,21.8,17.5,2.1,2.2,4.3
1025,19.2,20.3,18.6,0.6,1.1,1.7
1026,17.9,20.7,17.9,0,2.8,2.8
1027,17.5,,17.8,-0.3,,
1028,17.6,20.7,16.4,1.2,3.1,4.3
1029,18.1,22.6,16.3,1.8,4.5,6.3
1030,16.5,21.8,17.8,-1.3,5.3,4
1031,17.2,21.9,16.1,1.1,4.7,5.8
1032,15.8,19.6,17,-1.2,3.8,2.6
1033,17.9,19.8,18,-0.1,1.9,1.8
1034,18.1,18.2,16.5,1.6,0.1,1.7
1035,17,20.2,19.1,-2.1,3.2,1.1
1036,19.1,22,18.7,0.4,2.9,3.3
1037,16.3,21.5,15.9,0.4,5.2,5.6
1038,16,20.8,16.6,-0.6,4.8,4.2
1039,17.7,21,15.2,2.5,3.3,5.8
1040,18.5,20.3,16.7,1.8,1.8,3.6
1041,19.2,21.2,18.3,0.9,2,2.9
1042,17,21.8,17.1,-0.1,4.8,4.7
1043,18.6,19.4,18,0.6,0.8,1.4
1044,17.5,21.3,16,1.5,3.8,5.3
1045,17.3,0,18.3,-1,-17.3,-18.3
1046,18.4,20.6,16.9,1.5,2.2,3.7
1047,18.2,21.7,17.5,0.7,3.5,4.2
1048,15.9,23.8,17.4,-1.5,7.9,6.4
1049,19,20.9,16.2,2.8,1.9,4.7
1050,18.9,21.4,16.3,2.6,2.5,5.1
1051,16.9,20.3,18.5,-1.6,3.4,1.8
1052,,21.2,17.9,,,3.3
1053,18,,18.6,-0.6,,
1054,17.8,21.2,17.8,0,3.4,3.4
1055,16.9,20,17.6,-0.7,3.1,2.4
1056,16.8,21.2,15.8,1,4.4,5.4
1057,17.5,22.5,,,5,
1058,18.7,21.4,17.5,1.2,2.7,3.9
1059,18,22,19.5,-1.5,4,2.5
1060,17.1,20.8,18.2,-1.1,3.7,2.6
1061,18.3,21.7,19,-0.7,3.4,2.7
1062,14.7,21.3,,,6.6,
1063,18.6,20,16.8,1.8,1.4,3.2
1064,15.8,21.3,17.6,-1.8,5.5,3.7
1065,17.1,20,17.7,-0.6,2.9,2.3
1066,16.4,20.4,16.6,-0.2,4,3.8
1067,16.2,21.2,17.1,-0.9,5,4.1
1068,18.7,21.3,17.3,1.4,2.6,4
1069,17,19.8,19.1,-2.1,2.8,0.7
1070,17.8,22.1,15.4,2.4,4.3,6.7
1071,17.5,21.6,18.7,-1.2,4.1,2.9
1072,18,20.3,16.6,1.4,2.3,3.7
1073,17.6,19.5,16.1,1.5,1.9,3.4
1074,16.2,20.9,18.7,-2.5,4.7,2.2
1075,18.5,20.6,18.2,0.3,2.1,2.4
1076,17,21.1,18.8,-1.8,4.1,2.3
1077,15.9,,18.3,-2.4,,
1078,17.1,19,19.6,-2.5,1.9,-0.6
1079,19,20.6,18.1,0.9,1.6,2.5
1080,18.4,20.7,17.3,1.1,2.3,3.4
1081,17.2,21.6,17.8,-0.6,4.4,3.8
1082,17.2,20.3,18.7,-1.5,3.1,1.6
1083,17.2,22.7,16.7,0.5,5.5,6
1084,19.6,19.1,16.8,2.8,-0.5,2.3
1085,17.9,22.3,17.2,0.7,4.4,5.1
1086,17.9,20.8,15.4,2.5,2.9,5.4
1087,18.5,21.9,17.6,0.9,3.4,4.3
1088,17.7,21.1,15.6,2.1,3.4,5.5
1089,17.2,22.1,17.6,-0.4,4.9,4.5
1090,17.3,20.6,18.4,-1.1,3.3,2.2
1091,17.4,19.9,17,0.4,2.5,2.9
1092,17.5,22.4,19.2,-1.7,4.9,3.2
1093,18.2,20.9,16,2.2,2.7,4.9
1094,17.6,21.2,18.7,-1.1,3.6,2.5
1095,18.2,22.2,18.2,0,4,4
1096,17.4,20,15.8,1.6,2.6,4.2
1097,17.6,21.6,20.2,-2.6,4,1.4
1098,15.5,20.4,17.4,-1.9,4.9,3
1099,18.4,20.9,16.6,1.8,2.5,4.3
1100,17.8,21.1,16.1,1.7,3.3,5
1101,18.5,19.5,17.3,1.2,1,2.2
1102,14.6,20.2,17.4,-2.8,5.6,2.8
1103,19.6,22.4,0,19.6,2.8,22.4
1104,0,21.9,17.2,-17.2,21.9,4.7
1105,18.6,20.9,18.1,0.5,2.3,2.8
1106,16.5,21.2,17.1,-0.6,4.7,4.1
1107,18.1,20.7,15.6,2.5,2.6,5.1
1108,16.4,22.4,,,6,
1109,16.9,20.8,15.1,1.8,3.9,5.7
1110,19.4,21.2,17.9,1.5,1.8,3.3
1111,17.3,22.1,16.5,0.8,4.8,5.6
1112,17.7,20.2,17.7,0,2.5,2.5
1113,18.4,22.6,18.8,-0.4,4.2,3.8
1114,18,19.5,16.6,1.4,1.5,2.9
1115,17.7,22.6,18.6,-0.9,4.9,4
1116,,20.6,17.1,,,3.5
1117,19.9,20.8,19.3,0.6,0.9,1.5
1118,17.4,19.1,17.1,0.3,1.7,2
1119,17.7,20.5,16.7,1,2.8,3.8
1120,18.6,20,18.2,0.4,1.4,1.8
1121,18.6,20.4,17.1,1.5,1.8,3.3
1122,18.7,20.9,16.7,2,2.2,4.2
1123,18.1,22,17,1.1,3.9,5
1124,16.4,21.2,17.5,-1.1,4.8,3.7
1125,19.1,,18.8,0.3,,
1126,16.4,19.9,15.6,0.8,3.5,4.3
1127,17.8,20.1,17.5,0.3,2.3,2.6
1128,16.7,22.8,18.1,-1.4,6.1,4.7
1129,17.4,20.3,17.7,-0.3,2.9,2.6
1130,17.8,,18.8,-1,,
1131,17.8,20.8,17.4,0.4,3,3.4
1132,,21,17.3,,,3.7
1133,19.1,22.1,18.1,1,3,4
1134,18,22.3,17.6,0.4,4.3,4.7
1135,17.3,20.9,17.1,0.2,3.6,3.8
1136,18.5,20.6,18,0.5,2.1,2.6
1137,18.7,20.9,16.8,1.9,2.2,4.1
1138,16.3,21.3,16.9,-0.6,5,4.4
1139,18.1,21.9,17,1.1,3.8,4.9
1140,18.2,21,18.9,-0.7,2.8,2.1
1141,17.2,21.6,14.3,2.9,4.4,7.3
1142,18.9,22.6,17.9,1,3.7,4.7
1143,17.3,21.4,17.5,-0.2,4.1,3.9
1144,17.6,21.3,15.8,1.8,3.7,5.5
1145,17.3,19.5,17.8,-0.5,2.2,1.7
1146,17.5,,18,-0.5,,
1147,0,21.4,18.1,-18.1,21.4,3.3
1148,16.1,20.9,14.8,1.3,4.8,6.1
1149,19.1,20.5,18.9,0.2,1.4,1.6
1150,16.7,21.2,16.8,-0.1,4.5,4.4
1151,16.5,20.9,18.2,-1.7,4.4,2.7
1152,15.3,22.1,18.2,-2.9,6.8,3.9
1153,16.9,21.1,16.6,0.3,4.2,4.5
1154,16.2,20.3,18.2,-2,4.1,2.1
1155,19.1,22,17.1,2,2.9,4.9
1156,18.5,20.8,15.4,3.1,2.3,5.4
1157,16.8,21.5,18.7,-1.9,4.7,2.8
1158,19.8,20.5,16.7,3.1,0.7,3.8
1159,18.5,20.4,16.6,1.9,1.9,3.8
1160,17.2,21.1,17.1,0.1,3.9,4
1161,15,21,17.8,-2.8,6,3.2
1162,19.8,21.5,17.4,2.4,1.7,4.1
1163,16.1,20.7,18,-1.9,4.6,2.7
1164,15.9,19.2,16.2,-0.3,3.3,3
1165,18.5,20.6,16.8,1.7,2.1,3.8
1166,19.9,21.8,17.4,2.5,1.9,4.4
1167,18.9,20.7,19.4,-0.5,1.8,1.3
1168,18.1,20.8,17.4,0.7,2.7,3.4
1169,18.1,22,18.6,-0.5,3.9,3.4
1170,18.4,20.3,17.5,0.9,1.9,2.8
1171,18.3,19.5,17,1.3,1.2,2.5
1172,17.8,20.8,17.3,0.5,3,3.5
1173,17.6,20.5,17.3,0.3,2.9,3.2
1174,17.4,20,18.1,-0.7,2.6,1.9
1175,16.7,20.8,18.9,-2.2,4.1,1.9
1176,17.2,21.5,17.9,-0.7,4.3,3.6
1177,15.8,21,18.7,-2.9,5.2,2.3
1178,17.4,21.3,16.5,0.9,3.9,4.8
1179,16.5,22.8,17.1,-0.6,6.3,5.7
1180,16.4,20.7,16.8,-0.4,4.3,3.9
1181,17.7,21.3,17.8,-0.1,3.6,3.5
1182,18.9,20.5,17.1,1.8,1.6,3.4
1183,18.4,20.2,18.2,0.2,1.8,2
1184,15.9,20.4,16.6,-0.7,4.5,3.8
1185,16.5,20.5,17.5,-1,4,3
1186,18.4,21.4,18.2,0.2,3,3.2
1187,16.5,23.3,15.4,1.1,6.8,7.9
1188,17.3,20.3,19.6,-2.3,3,0.7
1189,18.1,20.6,17.2,0.9,2.5,3.4
1190,16.5,20.9,15.5,1,4.4,5.4
1191,17.6,21.4,17.7,-0.1,3.8,3.7
1192,16.2,21.3,17.5,-1.3,5.1,3.8
1193,16.9,22.3,17.4,-0.5,5.4,4.9
1194,17.8,18.6,18.5,-0.7,0.8,0.1
1195,15.9,18.6,18.2,-2.3,2.7,0.4
1196,17.9,20.5,17.8,0.1,2.6,2.7
1197,17.5,22.1,18,-0.5,4.6,4.1
1198,18.1,19.4,17.4,0.7,1.3,2
1199,17.7,18,19.3,-1.6,0.3,-1.3
1200,18.9,21.6,16,2.9,2.7,5.6
1201,,21.2,17.6,,,3.6
1202,17.1,19.9,17.6,-0.5,2.8,2.3
1203,17.6,20,18.3,-0.7,2.4,1.7
1204,18,20,16.7,1.3,2,3.3
1205,17.5,21.1,15.8,1.7,3.6,5.3
1206,17.5,20.4,17.7,-0.2,2.9,2.7
1207,0,21.5,17.8,-17.8,21.5,3.7
1208,16.8,18.1,19,-2.2,1.3,-0.9
1209,16.1,20.1,16.2,-0.1,4,3.9
1210,19.2,19.9,0,19.2,0.7,19.9
1211,16.3,20.7,19.9,-3.6,4.4,0.8
1212,16.8,20.5,17.1,-0.3,3.7,3.4
1213,16.8,21.8,16.2,0.6,5,5.6
1214,18.4,19.1,17.1,1.3,0.7,2
1215,17.2,21,17.5,-0.3,3.8,3.5
1216,18.7,21.6,18.1,0.6,2.9,3.5
1217,16.8,22.9,16.9,-0.1,6.1,6
1218,17.8,20.5,19.1,-1.3,2.7,1.4
1219,16.7,21.3,16.4,0.3,4.6,4.9
1220,19.6,19.2,15.8,3.8,-0.4,3.4
1221,16.3,18.6,18.6,-2.3,2.3,0
1222,17.8,21.8,15.2,2.6,4,6.6
1223,,21,17.3,,,3.7
1224,17.9,22.2,20.6,-2.7,4.3,1.6
1225,17.3,19.6,17.5,-0.2,2.3,2.1
1226,17.4,21.5,16.4,1,4.1,5.1
1227,17.5,22.9,17.4,0.1,5.4,5.5
1228,17.4,21.4,17.4,0,4,4
1229,18.5,21.3,17.7,0.8,2.8,3.6
1230,19.7,21,18.2,1.5,1.3,2.8
1231,16.9,19.4,16.5,0.4,2.5,2.9
1232,16.1,22.4,19.2,-3.1,6.3,3.2
1233,17.4,20.4,17.7,-0.3,3,2.7
1234,20.1,21.5,18.2,1.9,1.4,3.3
1235,16.7,19.4,16.9,-0.2,2.7,2.5
1236,19.1,19.8,18.8,0.3,0.7,1
1237,19.2,22.4,17.2,2,3.2,5.2
1238,16.9,20.7,17.8,-0.9,3.8,2.9
1239,18.1,22.5,16.6,1.5,4.4,5.9
1240,19.1,20.9,16.5,2.6,1.8,4.4
1241,17.1,19.2,18.2,-1.1,2.1,1
1242,17.3,21.9,,,4.6,
1243,16.9,20.4,16.6,0.3,3.5,3.8
1244,16.5,21.7,16.9,-0.4,5.2,4.8
1245,16.9,21,18.2,-1.3,4.1,2.8
1246,16.3,19.5,16.9,-0.6,3.2,2.6
1247,17.5,21.2,17.4,0.1,3.7,3.8
1248,16.7,23.2,17.5,-0.8,6.5,5.7
1249,17.7,21.5,15.6,2.1,3.8,5.9
1250,15.9,20.9,16,-0.1,5,4.9
1251,17.8,22.1,17.8,0,4.3,4.3
1252,18.3,21.2,16.8,1.5,2.9,4.4
1253,15.5,,18.6,-3.1,,
1254,17.9,19.9,18.5,-0.6,2,1.4
1255,18.7,21.2,18.2,0.5,2.5,3
1256,16.3,22,19.3,-3,5.7,2.7
1257,19.2,20.2,17.4,1.8,1,2.8
1258,17.9,22.4,18.1,-0.2,4.5,4.3
1259,16.8,20.9,16.9,-0.1,4.1,4
1260,17.4,20.1,20,-2.6,2.7,0.1
1261,18.1,22,19.5,-1.4,3.9,2.5
1262,17.6,20.7,17.5,0.1,3.1,3.2
1263,18,21.8,17.9,0.1,3.8,3.9
1264,16.6,20.7,18.9,-2.3,4.1,1.8
1265,17.7,20.9,17.4,0.3,3.2,3.5
1266,16.1,21.5,16.8,-0.7,5.4,4.7
1267,17.4,,18.4,-1,,
1268,16.6,19,17.6,-1,2.4,1.4
1269,16.8,19.9,17.7,-0.9,3.1,2.2
1270,18.7,21.9,16.7,2,3.2,5.2
1271,18.6,20.9,15.8,2.8,2.3,5.1
1272,18.1,20.5,,,2.4,
1273,16.4,19.6,18.4,-2,3.2,1.2
1274,17.2,19.9,17.3,-0.1,2.7,2.6
1275,,19,18.9,,,0.1
1276,17.6,20.9,16.8,0.8,3.3,4.1
1277,19.8,20.4,16.4,3.4,0.6,4
1278,17.9,20,17.4,0.5,2.1,2.6
1279,17.7,20.9,17.4,0.3,3.2,3.5
1280,17.2,21.4,18.3,-1.1,4.2,3.1
1281,17.6,23.1,16.7,0.9,5.5,6.4
1282,17.3,19.5,18.9,-1.6,2.2,0.6
1283,18.2,22.2,19.5,-1.3,4,2.7
1284,18.5,22,17.5,1,3.5,4.5
1285,16.7,20.2,18.7,-2,3.5,1.5
1286,16.2,21.2,16.4,-0.2,5,4.8
1287,15.7,20.5,18.6,-2.9,4.8,1.9
1288,18,21.2,18.5,-0.5,3.2,2.7
1289,16.4,22.5,18.4,-2,6.1,4.1
1290,15.3,21.6,17.5,-2.2,6.3,4.1
1291,17.9,21.5,14.5,3.4,3.6,7
1292,20,20.6,16.9,3.1,0.6,3.7
1293,17.5,19.5,16.9,0.6,2,2.6
1294,18.3,20.8,16.5,1.8,2.5,4.3
1295,17.6,22.2,17.6,0,4.6,4.6
1296,17.4,19.5,17.1,0.3,2.1,2.4
1297,18.4,19.9,16.7,1.7,1.5,3.2
1298,17.2,21.1,16.4,0.8,3.9,4.7
1299,17.8,20,16.8,1,2.2,3.2
1300,17.8,20.2,18.6,-0.8,2.4,1.6
1301,16.8,20.6,16.8,0,3.8,3.8
1302,18.5,19.6,17,1.5,1.1,2.6
1303,0,20,17,-17,20,3
1304,16.7,21.7,17.8,-1.1,5,3.9
1305,18,19.7,18,0,1.7,1.7
1306,16.6,19.4,14.5,2.1,2.8,4.9
1307,17.5,20.4,18.5,-1,2.9,1.9
1308,17.5,21.7,18.9,-1.4,4.2,2.8
1309,18.6,20.8,16.4,2.2,2.2,4.4
1310,18,20.5,16.5,1.5,2.5,4
1311,17.5,21,17,0.5,3.5,4
1312,18.3,19.3,16.7,1.6,1,2.6
1313,18.9,21.5,17.7,1.2,2.6,3.8
1314,18.1,0,15.6,2.5,-18.1,-15.6
1315,17.5,20.6,16.4,1.1,3.1,4.2
1316,16.2,22,19,-2.8,5.8,3
1317,16.4,19.9,16.6,-0.2,3.5,3.3
1318,17.2,22.1,18.7,-1.5,4.9,3.4
1319,16.9,21.2,17.9,-1,4.3,3.3
1320,17.3,20.7,15.7,1.6,3.4,5
1321,17.6,21,18.1,-0.5,3.4,2.9
1322,18,20.9,17.4,0.6,2.9,3.5
1323,17.4,22.2,17,0.4,4.8,5.2
1324,18,19.9,17.7,0.3,1.9,2.2
1325,17.6,20.2,18,-0.4,2.6,2.2
1326,15.5,22,18.2,-2.7,6.5,3.8
1327,16.6,20.4,18.7,-2.1,3.8,1.7
1328,17.4,21.9,17.9,-0.5,4.5,4
1329,16.3,22.7,16.1,0.2,6.4,6.6
1330,18.1,,17,1.1,,
1331,19,21.7,20.4,-1.4,2.7,1.3
1332,18.7,19.8,18.2,0.5,1.1,1.6
1333,17.3,21.8,,,4.5,
1334,19,21.2,18.9,0.1,2.2,2.3
1335,17.6,21.5,,,3.9,
1336,17.2,20.4,17.8,-0.6,3.2,2.6
1337,16.9,19.3,17.5,-0.6,2.4,1.8
1338,17.2,21.5,15.8,1.4,4.3,5.7
1339,17.1,18.9,17.5,-0.4,1.8,1.4
1340,17.7,20.7,0,17.7,3,20.7
1341,17.7,21.9,16.9,0.8,4.2,5
1342,17.5,21.2,,,3.7,
1343,17.9,22.9,18.4,-0.5,5,4.5
1344,18.7,22,16.6,2.1,3.3,5.4
1345,18.4,20.3,17,1.4,1.9,3.3
1346,16,21,16.5,-0.5,5,4.5
1347,14.9,21,16.7,-1.8,6.1,4.3
1348,18.4,19.4,16.2,2.2,1,3.2
1349,0,20.1,16.6,-16.6,20.1,3.5
1350,,20.4,18.9,,,1.5
1351,16.3,19,16.6,-0.3,2.7,2.4
1352,15.7,21,17.6,-1.9,5.3,3.4
1353,18,20.8,17,1,2.8,3.8
1354,18.3,19.3,18.7,-0.4,1,0.6
1355,16.9,21.4,18.8,-1.9,4.5,2.6
1356,14.9,21.7,18.4,-3.5,6.8,3.3
1357,17,21.2,17.8,-0.8,4.2,3.4
1358,17.9,20.7,17.3,0.6,2.8,3.4
1359,16,21.6,16.3,-0.3,5.6,5.3
1360,17.7,21.7,19.4,-1.7,4,2.3
1361,17.5,21.3,16.7,0.8,3.8,4.6
1362,18.1,20.2,18.2,-0.1,2.1,2
1363,17.6,21.3,18.6,-1,3.7,2.7
1364,16.5,22.2,16.9,-0.4,5.7,5.3
1365,18.7,20.4,18.5,0.2,1.7,1.9
1366,17.3,23.1,0,17.3,5.8,23.1
1367,17.5,20.5,19.2,-1.7,3,1.3
1368,16.6,21,17,-0.4,4.4,4
1369,17.1,20.3,16.2,0.9,3.2,4.1
1370,16.6,21.2,17,-0.4,4.6,4.2
1371,17.3,19.3,17.7,-0.4,2,1.6
1372,19.2,20.5,17.6,1.6,1.3,2.9
1373,16.1,19.9,0,16.1,3.8,19.9
1374,15.9,21.1,15.6,0.3,5.2,5.5
1375,19,22,,,3,
1376,17.3,21.6,19.5,-2.2,4.3,2.1
1377,16.8,18.6,18,-1.2,1.8,0.6
1378,18.5,23,18.1,0.4,4.5,4.9
1379,16.9,21.3,18.1,-1.2,4.4,3.2
1380,19.3,20.2,17.9,1.4,0.9,2.3
1381,18.2,21.2,18.4,-0.2,3,2.8
1382,17,21.2,17.9,-0.9,4.2,3.3
1383,19.7,20.3,17.2,2.5,0.6,3.1
1384,16.9,21.2,16.7,0.2,4.3,4.5
1385,18.2,20.4,17.3,0.9,2.2,3.1
1386,17.8,20.6,17.8,0,2.8,2.8
1387,18.8,20.3,17.2,1.6,1.5,3.1
1388,19.1,19.6,17.8,1.3,0.5,1.8
1389,17.5,21.1,17.9,-0.4,3.6,3.2
1390,16.7,21.6,18.3,-1.6,4.9,3.3
1391,18,21.5,18.8,-0.8,3.5,2.7
1392,16.8,21.8,17.6,-0.8,5,4.2
1393,19.5,21.3,16.2,3.3,1.8,5.1
1394,17.6,20.5,17.2,0.4,2.9,3.3
1395,17.1,21.8,17.5,-0.4,4.7,4.3
1396,17.7,19.6,15.7,2,1.9,3.9
1397,16.2,20.1,18.9,-2.7,3.9,1.2
1398,16.5,20,17.6,-1.1,3.5,2.4
1399,18.7,22.1,17.9,0.8,3.4,4.2
1400,16.8,21.9,18.9,-2.1,5.1,3
1401,16.5,21.5,16.9,-0.4,5,4.6
1402,18,22.1,18.1,-0.1,4.1,4
1403,18.7,20.1,17.4,1.3,1.4,2.7
1404,18.2,21.3,17.3,0.9,3.1,4
1405,18.5,20.9,16.7,1.8,2.4,4.2
1406,16.7,21.8,19.2,-2.5,5.1,2.6
1407,16.1,20.9,17.1,-1,4.8,3.8
1408,19,20.6,18.2,0.8,1.6,2.4
1409,17.2,21.5,15.6,1.6,4.3,5.9
1410,17.2,21.9,18.7,-1.5,4.7,3.2
1411,18.8,20.3,18.6,0.2,1.5,1.7
1412,18.1,20.9,17.6,0.5,2.8,3.3
1413,18,,17.3,0.7,,
1414,19.7,18.5,17.9,1.8,-1.2,0.6
1415,16.9,21.2,19.8,-2.9,4.3,1.4
1416,18.4,21.6,15.7,2.7,3.2,5.9
1417,17.6,21.3,18.3,-0.7,3.7,3
1418,17.8,19.1,16.6,1.2,1.3,2.5
1419,19,20.6,17.5,1.5,1.6,3.1
1420,18,18.8,17.3,0.7,0.8,1.5
1421,18,22.4,17.1,0.9,4.4,5.3
1422,18.6,19.9,17.5,1.1,1.3,2.4
1423,17.1,22.3,16.4,0.7,5.2,5.9
1424,16.7,21.9,18.5,-1.8,5.2,3.4
1425,16.5,20.1,15.7,0.8,3.6,4.4
1426,15.5,19.9,18,-2.5,4.4,1.9
1427,19.6,21.4,17.2,2.4,1.8,4.2
1428,16.4,20.2,16.3,0.1,3.8,3.9
1429,17.3,21.1,17.7,-0.4,3.8,3.4
1430,17.2,20.5,15.9,1.3,3.3,4.6
1431,17.8,19.2,17.5,0.3,1.4,1.7
1432,18.3,18.8,16.1,2.2,0.5,2.7
1433,18.4,21.2,18,0.4,2.8,3.2
1434,16.9,20.4,16.6,0.3,3.5,3.8
1435,17.3,20.4,17,0.3,3.1,3.4
1436,17.8,0,17.8,0,-17.8,-17.8
1437,17.3,22.2,16.7,0.6,4.9,5.5
1438,19.1,20.7,17.4,1.7,1.6,3.3
1439,18,20.7,16,2,2.7,4.7
1440,18.2,21.5,18.1,0.1,3.3,3.4
1441,18.2,19.6,19.3,-1.1,1.4,0.3
1442,18.7,21.2,20.3,-1.6,2.5,0.9
1443,17.7,21.6,17.6,0.1,3.9,4
1444,16.2,21.7,18.3,-2.1,5.5,3.4
1445,17.9,19.1,15.7,2.2,1.2,3.4
1446,16.8,20.2,19,-2.2,3.4,1.2
1447,17,20.1,18.3,-1.3,3.1,1.8
1448,18.1,21.1,17,1.1,3,4.1
1449,18.7,21.5,18.7,0,2.8,2.8
1450,17.5,22.5,17.2,0.3,5,5.3
1451,17.8,20.5,17,0.8,2.7,3.5
1452,19.2,20.5,18,1.2,1.3,2.5
1453,17.7,22.1,16.4,1.3,4.4,5.7
1454,20.1,21.3,18.5,1.6,1.2,2.8
1455,18.1,22.3,16.4,1.7,4.2,5.9
1456,15.7,21.3,16.4,-0.7,5.6,4.9
1457,18.3,,16.6,1.7,,
1458,17.9,19.7,18.3,-0.4,1.8,1.4
1459,18.8,19.4,16.9,1.9,0.6,2.5
1460,,21.7,16.2,,,5.5
1461,17.4,22.2,16.9,0.5,4.8,5.3
1462,16.3,22.8,17.5,-1.2,6.5,5.3
1463,17.3,,16.3,1,,
1464,16.6,22.2,16.3,0.3,5.6,5.9
1465,16.9,20.4,19.6,-2.7,3.5,0.8
1466,18.1,19.8,16.6,1.5,1.7,3.2
1467,19.2,21.9,17.2,2,2.7,4.7
1468,17.9,21.4,17.1,0.8,3.5,4.3
1469,16.3,21.1,17.1,-0.8,4.8,4
1470,17.9,21.4,18.1,-0.2,3.5,3.3
1471,18.7,21.3,18.4,0.3,2.6,2.9
1472,16.9,22.3,17.2,-0.3,5.4,5.1
1473,17.4,22.3,16.3,1.1,4.9,6
1474,17.5,21.5,18.8,-1.3,4,2.7
1475,16.7,21.8,17.4,-0.7,5.1,4.4
1476,18.1,21.5,19.2,-1.1,3.4,2.3
1477,17.4,20.5,15.3,2.1,3.1,5.2
1478,17.9,21.8,17.7,0.2,3.9,4.1
1479,16.6,19.6,0,16.6,3,19.6
1480,17.1,22.1,17.1,0,5,5
1481,18.2,19.8,17.3,0.9,1.6,2.5
1482,17.1,21.3,17.8,-0.7,4.2,3.5
1483,19.2,,16.9,2.3,,
1484,17.1,21.6,17.2,-0.1,4.5,4.4
1485,17.7,21,17.2,0.5,3.3,3.8
1486,18.4,19.4,16.9,1.5,1,2.5
1487,16.1,21.4,18.7,-2.6,5.3,2.7
1488,15.7,20.4,18,-2.3,4.7,2.4
1489,16,21.9,17.8,-1.8,5.9,4.1
1490,18.8,21,18.3,0.5,2.2,2.7
1491,16.9,21.4,17.2,-0.3,4.5,4.2
1492,20.1,20,16.7,3.4,-0.1,3.3
1493,16.9,20.4,16.9,0,3.5,3.5
1494,17.7,20.5,17.5,0.2,2.8,3
1495,19,,16.4,2.6,,
1496,19.5,22.7,17,2.5,3.2,5.7
1497,19.6,20.2,17,2.6,0.6,3.2
1498,18.7,22.1,19.6,-0.9,3.4,2.5
1499,18.5,18.8,14.7,3.8,0.3,4.1
1500,18.1,19.8,17.3,0.8,1.7,2.5
1501,18.3,20,19.2,-0.9,1.7,0.8
1502,16.9,19.6,17.6,-0.7,2.7,2
1503,,19.4,18.3,,,1.1
1504,17.5,21.4,17.6,-0.1,3.9,3.8
1505,17.3,20.8,16.8,0.5,3.5,4
1506,17,21.4,15.3,1.7,4.4,6.1
1507,18.2,21.7,17.7,0.5,3.5,4
1508,18.5,21.3,16.7,1.8,2.8,4.6
1509,17.6,21.7,16.7,0.9,4.1,5
1510,19,20.9,,,1.9,
1511,16.4,19.8,19.2,-2.8,3.4,0.6
1512,17.3,22.1,19.9,-2.6,4.8,2.2
1513,0,20.4,17.7,-17.7,20.4,2.7
1514,15.6,20.1,17,-1.4,4.5,3.1
1515,17.4,20.8,16.3,1.1,3.4,4.5
1516,17.4,20.1,18,-0.6,2.7,2.1
1517,19,20.6,19.3,-0.3,1.6,1.3
1518,18.1,21.3,17.3,0.8,3.2,4
1519,16.5,21.3,15.1,1.4,4.8,6.2
1520,19.4,20.1,18.2,1.2,0.7,1.9
1521,18.7,20.5,18.5,0.2,1.8,2
1522,18.1,22.1,15.9,2.2,4,6.2
1523,17.3,21.5,17.7,-0.4,4.2,3.8
1524,16.5,23.1,,,6.6,
1525,17.1,22.2,17.4,-0.3,5.1,4.8
1526,18.6,22.1,16.7,1.9,3.5,5.4
1527,19.4,19.6,0,19.4,0.2,19.6
1528,19,21.8,17.1,1.9,2.8,4.7
1529,17,20.9,16,1,3.9,4.9
1530,16.4,20.4,15.5,0.9,4,4.9
1531,17.6,21.2,18.8,-1.2,3.6,2.4
1532,15.7,21.9,18.1,-2.4,6.2,3.8
1533,17.8,21.5,17.6,0.2,3.7,3.9
1534,17.4,20.1,17.1,0.3,2.7,3
1535,17,21.7,17,0,4.7,4.7
1536,15.9,20.4,16.4,-0.5,4.5,4
1537,18,21.2,17.1,0.9,3.2,4.1
1538,17,20.7,15.4,1.6,3.7,5.3
1539,16.3,20.8,16.8,-0.5,4.5,4
1540,14.6,21.8,17.2,-2.6,7.2,4.6
1541,17.5,20,18.1,-0.6,2.5,1.9
1542,19.3,22.9,17.5,1.8,3.6,5.4
1543,19.2,19.2,18.3,0.9,0,0.9
1544,17,20.4,18.8,-1.8,3.4,1.6
1545,16.9,21.4,18.6,-1.7,4.5,2.8
1546,18,21.6,18,0,3.6,3.6
1547,16.5,20.9,17.5,-1,4.4,3.4
1548,0,20.9,16.5,-16.5,20.9,4.4
1549,18.3,21.4,18.2,0.1,3.1,3.2
1550,18.7,20.8,19.2,-0.5,2.1,1.6
1551,17.4,22.4,17.8,-0.4,5,4.6
1552,17.3,21.8,19.4,-2.1,4.5,2.4
1553,16.6,21.9,16,0.6,5.3,5.9
1554,16.7,20,16.3,0.4,3.3,3.7
1555,17.3,20.9,18.4,-1.1,3.6,2.5
1556,17.9,20.7,17.8,0.1,2.8,2.9
1557,18.4,20,18.8,-0.4,1.6,1.2
1558,16.7,21.4,17.5,-0.8,4.7,3.9
1559,19,20.5,16.6,2.4,1.5,3.9
1560,17.2,21.7,17.3,-0.1,4.5,4.4
1561,17.5,19.9,16,1.5,2.4,3.9
1562,16.8,0,16.4,0.4,-16.8,-16.4
1563,15.1,20.1,18.5,-3.4,5,1.6
1564,18.4,21.2,,,2.8,
1565,18.2,21.8,17.9,0.3,3.6,3.9
1566,17.2,20.4,15.8,1.4,3.2,4.6
1567,17.6,21.9,17.1,0.5,4.3,4.8
1568,18,19.8,16.3,1.7,1.8,3.5
1569,15.9,22.5,18.7,-2.8,6.6,3.8
1570,17,21,16.9,0.1,4,4.1
1571,18.3,20.4,16.4,1.9,2.1,4
1572,16.2,20.7,17.5,-1.3,4.5,3.2
1573,17.8,21.8,16.9,0.9,4,4.9
1574,16.1,20.4,19,-2.9,4.3,1.4
1575,18,20.3,,,2.3,
1576,17.5,20.8,16.1,1.4,3.3,4.7
1577,15.9,19.8,15.3,0.6,3.9,4.5
1578,18.7,22.8,17.5,1.2,4.1,5.3
1579,16.8,20.4,16.9,-0.1,3.6,3.5
1580,16.7,21.8,16.1,0.6,5.1,5.7
1581,17.7,,18.7,-1,,
1582,18.6,20,18.2,0.4,1.4,1.8
1583,16.5,21,17.5,-1,4.5,3.5
1584,17.6,21.8,18.9,-1.3,4.2,2.9
1585,17.9,20.8,18.2,-0.3,2.9,2.6
1586,18.2,22.2,16.7,1.5,4,5.5
1587,17.7,22,16.5,1.2,4.3,5.5
1588,17.1,21.9,18.3,-1.2,4.8,3.6
1589,16.7,20.5,17.9,-1.2,3.8,2.6
1590,17.6,19.9,17.7,-0.1,2.3,2.2
1591,16.4,20.4,16.7,-0.3,4,3.7
1592,14.6,21.2,18.1,-3.5,6.6,3.1
1593,17.9,21.5,16.7,1.2,3.6,4.8
1594,18.4,18.8,17.4,1,0.4,1.4
1595,15.1,21,18.9,-3.8,5.9,2.1
1596,16.5,21.2,16.8,-0.3,4.7,4.4
1597,18.1,20.7,15.9,2.2,2.6,4.8
1598,19.6,22.3,16.4,3.2,2.7,5.9
1599,17.5,21.4,18.5,-1,3.9,2.9
1600,16.8,,17.8,-1,,
1601,17.3,,17.4,-0.1,,
1602,18.9,21.9,17,1.9,3,4.9
1603,16.9,22.6,18,-1.1,5.7,4.6
1604,16.7,22.3,16.7,0,5.6,5.6
1605,17,19.9,17.8,-0.8,2.9,2.1
1606,,20.7,16.8,,,3.9
1607,17.6,20.7,16.6,1,3.1,4.1
1608,19.1,21.5,16.9,2.2,2.4,4.6
1609,17.8,21.7,17.1,0.7,3.9,4.6
1610,17.2,,17.5,-0.3,,
1611,17.2,21.1,17.7,-0.5,3.9,3.4
1612,15.9,19,13.8,2.1,3.1,5.2
1613,18.4,22.4,16.7,1.7,4,5.7
1614,17.4,20.5,17.1,0.3,3.1,3.4
1615,17.3,21.1,19,-1.7,3.8,2.1
1616,20.7,20.7,16.4,4.3,0,4.3
1617,17.8,22.1,17.7,0.1,4.3,4.4
1618,16.7,18.2,19,-2.3,1.5,-0.8
1619,17.1,21,16.2,0.9,3.9,4.8
1620,18.6,20.9,17.9,0.7,2.3,3
1621,17.6,20.5,16.7,0.9,2.9,3.8
1622,16.1,22.7,17,-0.9,6.6,5.7
1623,18.4,20.1,16.7,1.7,1.7,3.4
1624,16.8,21.8,16.8,0,5,5
1625,19.4,21.4,20.2,-0.8,2,1.2
1626,18.6,22.3,18.3,0.3,3.7,4
1627,17.1,20.3,18.6,-1.5,3.2,1.7
1628,18.8,20.3,18,0.8,1.5,2.3
1629,17.6,22.1,15.9,1.7,4.5,6.2
1630,18.4,21.4,17.9,0.5,3,3.5
1631,18,19.5,18.6,-0.6,1.5,0.9
1632,16.7,20.5,16.6,0.1,3.8,3.9
1633,16.9,21.4,18.5,-1.6,4.5,2.9
1634,18.5,21.8,18.2,0.3,3.3,3.6
1635,17.2,20.3,19.4,-2.2,3.1,0.9
1636,17.1,18.1,17.1,0,1,1
1637,16.5,,16.4,0.1,,
1638,17.9,19.8,17.1,0.8,1.9,2.7
1639,19.6,19,18.9,0.7,-0.6,0.1
1640,16.4,18.2,15.7,0.7,1.8,2.5
1641,17.5,21.8,15.4,2.1,4.3,6.4
1642,18.9,21.1,17.6,1.3,2.2,3.5
1643,17.4,20.8,17.1,0.3,3.4,3.7
1644,18,22.4,17.5,0.5,4.4,4.9
1645,16.4,21.6,18.4,-2,5.2,3.2
1646,17.9,22.6,16.9,1,4.7,5.7
1647,17.3,19.6,15.6,1.7,2.3,4
1648,0,21,19.5,-19.5,21,1.5
1649,18.7,19.4,16.5,2.2,0.7,2.9
1650,20.1,20.8,16.4,3.7,0.7,4.4
1651,18.1,20.8,18.6,-0.5,2.7,2.2
1652,17.8,21.6,17.1,0.7,3.8,4.5
1653,17.7,21,17.4,0.3,3.3,3.6
1654,17.1,21.6,18,-0.9,4.5,3.6
1655,17.8,21.7,18.6,-0.8,3.9,3.1
1656,17.2,23.2,17.2,0,6,6
1657,17.7,20.7,19,-1.3,3,1.7
1658,18.8,,15.4,3.4,,
1659,16.5,21.2,18.3,-1.8,4.7,2.9
1660,18.6,20.2,16.7,1.9,1.6,3.5
1661,18.8,22.5,18.9,-0.1,3.7,3.6
1662,17.4,20.7,17.6,-0.2,3.3,3.1
1663,15.4,20.4,16.8,-1.4,5,3.6
1664,16.9,20.5,18.2,-1.3,3.6,2.3
1665,18.8,21.7,,,2.9,
1666,17.5,20.8,18.1,-0.6,3.3,2.7
1667,16.5,20.4,16.5,0,3.9,3.9
1668,17,22.7,17,0,5.7,5.7
1669,18.3,20.1,17.5,0.8,1.8,2.6
1670,18,21,17.5,0.5,3,3.5
1671,17.3,21.7,18.2,-0.9,4.4,3.5
1672,17.1,19.4,15.5,1.6,2.3,3.9
1673,17.1,21.5,17.8,-0.7,4.4,3.7
1674,16.6,19.9,17.2,-0.6,3.3,2.7
1675,19.1,21.8,16.7,2.4,2.7,5.1
1676,17.2,20,16.8,0.4,2.8,3.2
1677,18.7,21.7,17.3,1.4,3,4.4
1678,19,22.1,13.9,5.1,3.1,8.2
1679,18.5,21.9,16.8,1.7,3.4,5.1
1680,17.1,21.3,16.6,0.5,4.2,4.7
1681,17.9,20.8,18,-0.1,2.9,2.8
1682,17.5,20.4,16.7,0.8,2.9,3.7
1683,16.6,22.5,17.3,-0.7,5.9,5.2
1684,17.8,0,19,-1.2,-17.8,-19
1685,16.3,20,18.5,-2.2,3.7,1.5
1686,18.7,21.7,18.4,0.3,3,3.3
1687,17,20.2,17,0,3.2,3.2
1688,17.7,20,18,-0.3,2.3,2
1689,17.8,19.6,17.3,0.5,1.8,2.3
1690,17.2,20.5,17.3,-0.1,3.3,3.2
1691,18.1,20.9,17.9,0.2,2.8,3
1692,17,21.2,16.9,0.1,4.2,4.3
1693,18.4,22,19,-0.6,3.6,3
1694,16.2,21.5,17.3,-1.1,5.3,4.2
1695,17.6,20.8,18.1,-0.5,3.2,2.7
1696,19.4,20.8,19,0.4,1.4,1.8
1697,16.5,21.5,18.5,-2,5,3
1698,16.8,22.3,16.1,0.7,5.5,6.2
1699,18,21.1,17.9,0.1,3.1,3.2
1700,17.7,20.5,18.4,-0.7,2.8,2.1
1701,17.9,20,18.4,-0.5,2.1,1.6
1702,18,19.6,16.4,1.6,1.6,3.2
1703,18.1,21.7,16.8,1.3,3.6,4.9
1704,18.6,21.6,18.5,0.1,3,3.1
1705,17.9,21.6,16.7,1.2,3.7,4.9
1706,17.3,20.9,17.2,0.1,3.6,3.7
1707,18.2,22.4,19.1,-0.9,4.2,3.3
1708,19.4,20.5,17.5,1.9,1.1,3
1709,17.4,22,16.8,0.6,4.6,5.2
1710,16.5,21,16.6,-0.1,4.5,4.4
1711,18.6,20.4,17.8,0.8,1.8,2.6
1712,17.4,21.6,16.2,1.2,4.2,5.4
1713,15.3,21.4,17.3,-2,6.1,4.1
1714,18.3,21.4,17.8,0.5,3.1,3.6
1715,17,21.1,18.8,-1.8,4.1,2.3
1716,17.4,21,18.2,-0.8,3.6,2.8
1717,17.8,23.4,16.8,1,5.6,6.6
1718,17.7,22.2,18.7,-1,4.5,3.5
1719,18.2,21.7,17.2,1,3.5,4.5
1720,17.1,21.1,16.3,0.8,4,4.8
1721,18,22,17.3,0.7,4,4.7
1722,17.2,21.5,18.9,-1.7,4.3,2.6
1723,18.2,21,17.7,0.5,2.8,3.3
1724,18.1,20.7,17.5,0.6,2.6,3.2
1725,16.6,20.9,19.1,-2.5,4.3,1.8
1726,18.6,17.8,16.1,2.5,-0.8,1.7
1727,17,21.2,,,4.2,
1728,18.3,20.5,0,18.3,2.2,20.5
1729,0,22.6,17.9,-17.9,22.6,4.7
1730,19.3,21,17.7,1.6,1.7,3.3
1731,17.3,19.8,19,-1.7,2.5,0.8
1732,17.2,21,17.7,-0.5,3.8,3.3
1733,17.5,20,17.1,0.4,2.5,2.9
1734,17.2,21.5,17.5,-0.3,4.3,4
1735,18.3,21.3,17.6,0.7,3,3.7
1736,15.9,22,15.8,0.1,6.1,6.2
1737,16.4,20.2,20.2,-3.8,3.8,0
1738,16.4,21,0,16.4,4.6,21
1739,18.5,19.6,17.7,0.8,1.1,1.9
1740,0,0,18.1,-18.1,0,-18.1
1741,17.4,21.5,18.2,-0.8,4.1,3.3
1742,17.3,21.5,17.4,-0.1,4.2,4.1
1743,17.6,0,16.9,0.7,-17.6,-16.9
1744,18.7,21.4,18.1,0.6,2.7,3.3
1745,16.6,22.6,17.9,-1.3,6,4.7
1746,17.7,20.7,16.7,1,3,4
1747,18.5,21.1,18.9,-0.4,2.6,2.2
1748,18,19.9,,,1.9,
1749,17.7,20.1,18.2,-0.5,2.4,1.9
1750,18.5,21.1,18.9,-0.4,2.6,2.2
1751,14.8,22.1,17.5,-2.7,7.3,4.6
1752,18.2,20.7,17.8,0.4,2.5,2.9
1753,16.8,20.8,18.3,-1.5,4,2.5
1754,15.7,20.6,16.8,-1.1,4.9,3.8
1755,18,20.5,0,18,2.5,20.5
1756,18.9,21.3,17.6,1.3,2.4,3.7
1757,17.4,19.5,16.5,0.9,2.1,3
1758,18.5,22.3,19.8,-1.3,3.8,2.5
1759,19.1,20.3,16.1,3,1.2,4.2
1760,18.8,21.7,16.2,2.6,2.9,5.5
1761,19.1,19.7,18.8,0.3,0.6,0.9
1762,18.2,21.7,18.2,0,3.5,3.5
1763,17.6,21.7,16.5,1.1,4.1,5.2
1764,15.9,21.4,18.1,-2.2,5.5,3.3
1765,17.3,20,19,-1.7,2.7,1
1766,16.7,21.2,17.5,-0.8,4.5,3.7
1767,19.7,19.8,20.1,-0.4,0.1,-0.3
1768,17.3,20.7,15.8,1.5,3.4,4.9
1769,17.6,22,18.2,-0.6,4.4,3.8
1770,18.1,21.8,18.7,-0.6,3.7,3.1
1771,17.5,21,18.4,-0.9,3.5,2.6
1772,19.2,20,17.3,1.9,0.8,2.7
1773,16.9,21.6,17.2,-0.3,4.7,4.4
1774,17.7,21,17.9,-0.2,3.3,3.1
1775,16.8,18.7,18.3,-1.5,1.9,0.4
1776,16.2,21.8,18.1,-1.9,5.6,3.7
1777,16.9,21,18.5,-1.6,4.1,2.5
1778,17.5,22.2,16.5,1,4.7,5.7
1779,17.1,19.9,17.3,-0.2,2.8,2.6
1780,16.8,17.8,16.6,0.2,1,1.2
1781,16.1,21.3,17.1,-1,5.2,4.2
1782,17.4,21.3,18.5,-1.1,3.9,2.8
1783,16,19.3,17.6,-1.6,3.3,1.7
1784,18.3,20,20.1,-1.8,1.7,-0.1
1785,17.6,23.8,0,17.6,6.2,23.8
1786,16,20.7,17.6,-1.6,4.7,3.1
1787,17.2,21.7,,,4.5,
1788,16.7,20.3,16.9,-0.2,3.6,3.4
1789,17.8,18.9,17.4,0.4,1.1,1.5
1790,18.8,20.8,18.6,0.2,2,2.2
1791,15.6,20.7,17.6,-2,5.1,3.1
1792,17.6,20.6,16.7,0.9,3,3.9
1793,17.3,20.9,16.6,0.7,3.6,4.3
1794,18.2,21.3,17,1.2,3.1,4.3
1795,17.7,20.8,17.6,0.1,3.1,3.2
1796,16.7,19.7,18.7,-2,3,1
1797,17.2,21.5,16.2,1,4.3,5.3
1798,16.7,19.1,17.2,-0.5,2.4,1.9
1799,18.6,18.9,17.6,1,0.3,1.3
1800,17.5,21.7,15.7,1.8,4.2,6
1801,19.4,21.5,16.7,2.7,2.1,4.8
1802,17.4,20.9,16.8,0.6,3.5,4.1
1803,,19.6,16.7,,,2.9
1804,16,20.3,0,16,4.3,20.3
1805,15.7,20.7,17.3,-1.6,5,3.4
1806,15.9,19.4,16.9,-1,3.5,2.5
1807,17.8,20.3,17.9,-0.1,2.5,2.4
1808,18,21.7,19.2,-1.2,3.7,2.5
1809,15.9,22.4,19.1,-3.2,6.5,3.3
1810,18.4,20.6,15.6,2.8,2.2,5
1811,17,0,18.1,-1.1,-17,-18.1
1812,17.6,19.1,17.3,0.3,1.5,1.8
1813,19.1,21.7,17.7,1.4,2.6,4
1814,18.4,20.2,17.1,1.3,1.8,3.1
1815,17.2,21.3,17.6,-0.4,4.1,3.7
1816,16.6,20.8,,,4.2,
1817,15.3,0,16.9,-1.6,-15.3,-16.9
1818,,20.1,16.6,,,3.5
1819,17.3,21.6,17.1,0.2,4.3,4.5
1820,16.5,20.7,17.7,-1.2,4.2,3
1821,17.4,20.8,18.1,-0.7,3.4,2.7
1822,17.6,20.8,18.4,-0.8,3.2,2.4
1823,17.3,0,17,0.3,-17.3,-17
1824,16.8,21,17.8,-1,4.2,3.2
1825,17.7,20.9,18.5,-0.8,3.2,2.4
1826,17.9,21.2,18.7,-0.8,3.3,2.5
1827,16.4,21.1,17.4,-1,4.7,3.7
1828,18.9,21.8,0,18.9,2.9,21.8
1829,17.4,0,17.7,-0.3,-17.4,-17.7
1830,17.5,19.9,16.4,1.1,2.4,3.5
1831,18.2,21.9,17.3,0.9,3.7,4.6
1832,17.7,19.8,18.2,-0.5,2.1,1.6
1833,18.5,21.6,18.1,0.4,3.1,3.5
1834,17.8,21.6,17.2,0.6,3.8,4.4
1835,16.9,19.1,17.7,-0.8,2.2,1.4
1836,17.9,21.1,16.7,1.2,3.2,4.4
1837,16.4,20.5,18.2,-1.8,4.1,2.3
1838,17.6,20.2,17.4,0.2,2.6,2.8
1839,17.5,22.4,17.2,0.3,4.9,5.2
1840,17.3,20.3,17.1,0.2,3,3.2
1841,17.4,20.2,17.4,0,2.8,2.8
1842,15.6,21.1,17.1,-1.5,5.5,4
1843,17,21.7,18.2,-1.2,4.7,3.5
1844,17.6,20.9,17.1,0.5,3.3,3.8
1845,17.7,22.2,19.1,-1.4,4.5,3.1
1846,16.5,21.5,19,-2.5,5,2.5
1847,18.8,18.8,16.6,2.2,0,2.2
1848,16.6,20.5,17.6,-1,3.9,2.9
1849,18.5,20.4,16.8,1.7,1.9,3.6
1850,17.9,21.5,17.2,0.7,3.6,4.3
1851,16.9,18.4,19.5,-2.6,1.5,-1.1
1852,19.3,23.5,17.2,2.1,4.2,6.3
1853,16.3,21.5,17.9,-1.6,5.2,3.6
1854,18.4,21.1,18,0.4,2.7,3.1
1855,18.5,22.2,16.5,2,3.7,5.7
1856,16.8,23.3,16.6,0.2,6.5,6.7
1857,18.9,21.9,16.3,2.6,3,5.6
1858,17.2,21.9,16.6,0.6,4.7,5.3
1859,17.8,21.1,14.6,3.2,3.3,6.5
1860,17.8,20.9,18,-0.2,3.1,2.9
1861,17.4,20.5,19.6,-2.2,3.1,0.9
1862,18.3,20.2,17.6,0.7,1.9,2.6
1863,18.3,20.3,16.1,2.2,2,4.2
1864,15.8,19.6,16.9,-1.1,3.8,2.7
1865,18.8,20.9,17,1.8,2.1,3.9
1866,15.8,19.3,16.5,-0.7,3.5,2.8
1867,18.5,21.2,18.4,0.1,2.7,2.8
1868,18.6,21,18.3,0.3,2.4,2.7
1869,16.4,21.1,16.3,0.1,4.7,4.8
1870,17.1,20.5,18.2,-1.1,3.4,2.3
1871,16.4,24.1,19,-2.6,7.7,5.1
1872,17.3,22.4,19.4,-2.1,5.1,3
1873,17.2,19.8,20.4,-3.2,2.6,-0.6
1874,18.3,21.2,16.6,1.7,2.9,4.6
1875,18.8,20.4,20.3,-1.5,1.6,0.1
1876,18.9,20,17.1,1.8,1.1,2.9
1877,16.9,19.7,16.9,0,2.8,2.8
1878,17.3,21.4,17.8,-0.5,4.1,3.6
1879,15.8,20.3,16.9,-1.1,4.5,3.4
1880,16.7,22,17.9,-1.2,5.3,4.1
1881,18.5,22,16.2,2.3,3.5,5.8
1882,19.1,22.4,17.3,1.8,3.3,5.1
1883,16.3,20.1,18.8,-2.5,3.8,1.3
1884,16.9,21.5,17.4,-0.5,4.6,4.1
1885,17.5,21.6,17.6,-0.1,4.1,4
1886,17.8,20.5,18,-0.2,2.7,2.5
1887,16.7,20.2,18.7,-2,3.5,1.5
1888,17.9,22.6,,,4.7,
1889,17,21.2,18.1,-1.1,4.2,3.1
1890,17.5,21.6,17.2,0.3,4.1,4.4
1891,18,20.2,17.7,0.3,2.2,2.5
1892,17.5,19.8,18.6,-1.1,2.3,1.2
1893,17.1,20.4,16.3,0.8,3.3,4.1
1894,17.4,20.9,16.5,0.9,3.5,4.4
1895,17.4,19.9,15.6,1.8,2.5,4.3
1896,17.1,21,17,0.1,3.9,4
1897,17.2,19.3,18.8,-1.6,2.1,0.5
1898,19.1,19.9,17.4,1.7,0.8,2.5
1899,18.1,21.7,16.2,1.9,3.6,5.5
1900,17.2,21.6,17,0.2,4.4,4.6
1901,26.4,34.1,25.8,0.6,7.7,8.3
1902,17.2,20,16.4,0.8,2.8,3.6
1903,,20,17.9,,,2.1
1904,17.9,20.6,16.3,1.6,2.7,4.3
1905,17.4,21.6,18.6,-1.2,4.2,3
1906,17.9,21.9,17.4,0.5,4,4.5
1907,15.9,20.5,0,15.9,4.6,20.5
1908,16.4,19.8,17.2,-0.8,3.4,2.6
1909,16.3,21.3,18.3,-2,5,3
1910,17.6,20.2,18.3,-0.7,2.6,1.9
1911,19.2,20.5,17.8,1.4,1.3,2.7
1912,19.7,22.3,18.1,1.6,2.6,4.2
1913,18.1,21.8,,,3.7,
1914,18,21.2,18,0,3.2,3.2
1915,15.7,19.7,17.2,-1.5,4,2.5
1916,17,21.2,17.5,-0.5,4.2,3.7
1917,16.7,22.1,17.2,-0.5,5.4,4.9
1918,16.9,20.6,17,-0.1,3.7,3.6
1919,17.3,22.4,16.8,0.5,5.1,5.6
1920,17,22.3,,,5.3,
1921,15.5,22.7,18.8,-3.3,7.2,3.9
1922,18.2,21.3,18.7,-0.5,3.1,2.6
1923,16.4,21.6,16.2,0.2,5.2,5.4
1924,17.7,22.4,18.8,-1.1,4.7,3.6
1925,19.6,21.4,17.2,2.4,1.8,4.2
1926,16.6,20.5,18.1,-1.5,3.9,2.4
1927,15,,16.6,-1.6,,
1928,17.2,21.2,17.6,-0.4,4,3.6
1929,0,19.7,17.8,-17.8,19.7,1.9
1930,19.5,20.9,16,3.5,1.4,4.9
1931,16.3,22.1,18.1,-1.8,5.8,4
1932,18,18.8,18.8,-0.8,0.8,0
1933,17,22.5,17.3,-0.3,5.5,5.2
1934,17.4,22.1,18.9,-1.5,4.7,3.2
1935,20.1,20.5,17.3,2.8,0.4,3.2
1936,16,21.5,18.3,-2.3,5.5,3.2
1937,17.8,21,15.3,2.5,3.2,5.7
1938,18,22.2,19.9,-1.9,4.2,2.3
1939,18.6,22,19,-0.4,3.4,3
1940,17.6,19.6,17.2,0.4,2,2.4
1941,17.8,21.6,15.5,2.3,3.8,6.1
1942,17.1,20.8,17.8,-0.7,3.7,3
1943,17.8,21.1,16.1,1.7,3.3,5
1944,9.2,12.8,8,1.2,3.6,4.8
1945,18.1,22.7,17.9,0.2,4.6,4.8
1946,17.1,22,16.6,0.5,4.9,5.4
1947,17.9,20.3,18.6,-0.7,2.4,1.7
1948,17.5,,18.3,-0.8,,
1949,18.6,20.6,18.5,0.1,2,2.1
1950,17.4,21.4,17.5,-0.1,4,3.9
1951,15.7,21.2,16.1,-0.4,5.5,5.1
1952,18.8,22.3,18.5,0.3,3.5,3.8
1953,16.6,21.8,17.2,-0.6,5.2,4.6
1954,16.8,22,16.1,0.7,5.2,5.9
1955,16.9,21.3,18.9,-2,4.4,2.4
1956,18.9,19.6,19.6,-0.7,0.7,0
1957,15.4,20.8,17.5,-2.1,5.4,3.3
1958,20.6,22.1,19.7,0.9,1.5,2.4
1959,18.6,20.9,17.6,1,2.3,3.3
1960,17.7,21.5,17.1,0.6,3.8,4.4
1961,17.4,20.7,16.9,0.5,3.3,3.8
1962,17.8,20,19.1,-1.3,2.2,0.9
1963,18,20.9,16.7,1.3,2.9,4.2
1964,18.1,21.3,18.2,-0.1,3.2,3.1
1965,18.1,20.3,16.9,1.2,2.2,3.4
1966,17.6,20.8,17,0.6,3.2,3.8
1967,0,20.1,18.5,-18.5,20.1,1.6
1968,17.3,22.1,17.1,0.2,4.8,5
1969,17.3,20.7,17.1,0.2,3.4,3.6
1970,18.6,22.5,0,18.6,3.9,22.5
1971,18.1,22.5,19.1,-1,4.4,3.4
1972,14.6,20.9,,,6.3,
1973,18.2,20,16.8,1.4,1.8,3.2
1974,17.7,18.9,17,0.7,1.2,1.9
1975,17.5,,17.6,-0.1,,
1976,17.1,19.6,17.8,-0.7,2.5,1.8
1977,18.6,22.4,16.5,2.1,3.8,5.9
1978,18.4,21.1,18.2,0.2,2.7,2.9
1979,16.7,21.4,17.6,-0.9,4.7,3.8
1980,17.9,18.8,15.8,2.1,0.9,3
1981,16.5,19.8,16.6,-0.1,3.3,3.2
1982,16.1,,17,-0.9,,
1983,16.9,21.3,17.4,-0.5,4.4,3.9
1984,18.4,20.9,19.4,-1,2.5,1.5
1985,18.5,21.6,17.7,0.8,3.1,3.9
1986,18,22.6,16.7,1.3,4.6,5.9
1987,18.2,20.8,17.7,0.5,2.6,3.1
1988,18,21.1,17.1,0.9,3.1,4
1989,16.9,21.2,17.8,-0.9,4.3,3.4
1990,17.9,23.4,18.1,-0.2,5.5,5.3
1991,18.3,18.9,18.7,-0.4,0.6,0.2
1992,18.3,21.7,17.5,0.8,3.4,4.2
1993,18.7,,19.1,-0.4,,
1994,18.2,21.6,18.4,-0.2,3.4,3.2
1995,17.9,20.3,16.8,1.1,2.4,3.5
1996,18.6,21,19.7,-1.1,2.4,1.3
1997,17.5,21.7,17.8,-0.3,4.2,3.9
1998,16.6,24.1,16.7,-0.1,7.5,7.4
1999,17.3,21.8,19.2,-1.9,4.5,2.6
2000,16.8,20.2,19.6,-2.8,3.4,0.6
2001,16.8,20.6,17.5,-0.7,3.8,3.1
2002,17.4,20.5,17,0.4,3.1,3.5
2003,16.7,19.2,17.3,-0.6,2.5,1.9
2004,17.2,20.7,18.2,-1,3.5,2.5
2005,15.6,21.7,18.8,-3.2,6.1,2.9
2006,17.7,19.7,18.1,-0.4,2,1.6
2007,17.5,22,17.6,-0.1,4.5,4.4
2008,16.7,21.5,19,-2.3,4.8,2.5
2009,18.2,20.3,17.2,1,2.1,3.1
2010,18.4,20.9,18.5,-0.1,2.5,2.4
2011,15.9,22.6,17.2,-1.3,6.7,5.4
2012,16.7,21.7,17.9,-1.2,5,3.8
2013,16.7,21,17.4,-0.7,4.3,3.6
2014,16.6,20.8,17.4,-0.8,4.2,3.4
2015,18.3,21.1,17.1,1.2,2.8,4
2016,17.3,20.5,18.8,-1.5,3.2,1.7
2017,17.2,18.9,16.8,0.4,1.7,2.1
2018,15.5,23,16.8,-1.3,7.5,6.2
2019,18.1,21.2,19.6,-1.5,3.1,1.6
2020,16.3,21.4,18.5,-2.2,5.1,2.9
2021,17.6,20.9,15.1,2.5,3.3,5.8
2022,17.8,20.3,16.9,0.9,2.5,3.4
2023,18.9,20.8,15.7,3.2,1.9,5.1
2024,16.2,19.4,16.5,-0.3,3.2,2.9
2025,14.5,23.3,14.4,0.1,8.8,8.9
2026,17.7,19.8,17.4,0.3,2.1,2.4
2027,19.3,20,16.4,2.9,0.7,3.6
2028,18.7,20.6,17.6,1.1,1.9,3
2029,17.7,22.3,15.9,1.8,4.6,6.4
2030,17,21,17.6,-0.6,4,3.4
2031,18.3,19.8,17.1,1.2,1.5,2.7
2032,16.5,22.3,19,-2.5,5.8,3.3
2033,18,21.7,18.9,-0.9,3.7,2.8
2034,18,21.5,18.3,-0.3,3.5,3.2
2035,18.6,21.7,17.2,1.4,3.1,4.5
2036,20.3,23.4,19.5,0.8,3.1,3.9
2037,17.9,23.2,15.9,2,5.3,7.3
2038,17,20.3,16.1,0.9,3.3,4.2
2039,17.5,22.6,17.4,0.1,5.1,5.2
2040,15.7,21.4,19.8,-4.1,5.7,1.6
2041,16.8,21.5,17.3,-0.5,4.7,4.2
2042,17.1,19.3,17.3,-0.2,2.2,2
2043,17,20.8,16.1,0.9,3.8,4.7
2044,17.7,20.2,18.4,-0.7,2.5,1.8
2045,16.7,21.8,18.5,-1.8,5.1,3.3
2046,18.6,22.1,18.3,0.3,3.5,3.8
2047,17.5,18.9,16.9,0.6,1.4,2
2048,17.5,21,16.8,0.7,3.5,4.2
2049,17.2,22.1,16.2,1,4.9,5.9
2050,17.7,20.8,17.6,0.1,3.1,3.2
2051,18.3,21.7,16.4,1.9,3.4,5.3
2052,16.6,21.4,16.3,0.3,4.8,5.1
2053,16.8,21.3,17.1,-0.3,4.5,4.2
2054,17.2,20.7,0,17.2,3.5,20.7
2055,16.2,19.8,17,-0.8,3.6,2.8
2056,16.7,19.9,18,-1.3,3.2,1.9
2057,17,21.7,17.6,-0.6,4.7,4.1
2058,0,21,17.2,-17.2,21,3.8
2059,17.8,20.9,17.7,0.1,3.1,3.2
2060,17.7,20.6,16.5,1.2,2.9,4.1
2061,,20.7,17.6,,,3.1
2062,17.4,22,17.7,-0.3,4.6,4.3
2063,17.9,20.7,16,1.9,2.8,4.7
2064,17.4,19.7,18.5,-1.1,2.3,1.2
2065,17.8,21.7,16.6,1.2,3.9,5.1
2066,16.9,20.8,17.6,-0.7,3.9,3.2
2067,15.1,21,18.7,-3.6,5.9,2.3
2068,17.4,22.6,18.4,-1,5.2,4.2
2069,18.9,21,17.5,1.4,2.1,3.5
2070,18.4,21.3,17.1,1.3,2.9,4.2
2071,18.5,19.8,18.4,0.1,1.3,1.4
2072,18.7,20.8,18.2,0.5,2.1,2.6
2073,17.6,21.6,0,17.6,4,21.6
2074,17.7,19.4,,,1.7,
2075,16.9,21.2,15.4,1.5,4.3,5.8
2076,17.2,21.1,17.7,-0.5,3.9,3.4
2077,18.1,21,17.4,0.7,2.9,3.6
2078,18.7,22,18.6,0.1,3.3,3.4
2079,17.4,21.3,17.9,-0.5,3.9,3.4
2080,17,22.5,18.8,-1.8,5.5,3.7
2081,17.5,20,16.8,0.7,2.5,3.2
2082,18.1,21.1,18.6,-0.5,3,2.5
2083,16.1,21.1,17,-0.9,5,4.1
2084,15.2,19.9,18.3,-3.1,4.7,1.6
2085,16.9,22,16,0.9,5.1,6
2086,16.3,23.3,17.7,-1.4,7,5.6
2087,17,21,15.5,1.5,4,5.5
2088,17.4,21.5,17.2,0.2,4.1,4.3
2089,17,21.1,17.9,-0.9,4.1,3.2
2090,19,20.3,17,2,1.3,3.3
2091,17.8,19.2,16.4,1.4,1.4,2.8
2092,17.8,20.3,18.3,-0.5,2.5,2
2093,18.1,19.6,17.4,0.7,1.5,2.2
2094,16.4,22.7,17,-0.6,6.3,5.7
2095,18.5,20.9,17.5,1,2.4,3.4
2096,17.4,20.7,20.1,-2.7,3.3,0.6
2097,18.2,21.9,18.7,-0.5,3.7,3.2
2098,16.4,19.9,18.7,-2.3,3.5,1.2
2099,15.9,20.2,17.9,-2,4.3,2.3
2100,18.3,21.1,17.7,0.6,2.8,3.4
2101,,22,15.1,,,6.9
2102,16.6,21.5,16.8,-0.2,4.9,4.7
2103,16.6,21.2,17,-0.4,4.6,4.2
2104,18.6,21.1,15.6,3,2.5,5.5
2105,16.3,21.4,16.3,0,5.1,5.1
2106,19.1,21.2,15.5,3.6,2.1,5.7
2107,16.6,20,17.5,-0.9,3.4,2.5
2108,18.1,21,18.3,-0.2,2.9,2.7
2109,17.2,19.9,18.6,-1.4,2.7,1.3
2110,18.1,21.1,17.9,0.2,3,3.2
2111,17,20.5,16.5,0.5,3.5,4
2112,17.3,23.5,15.6,1.7,6.2,7.9
2113,17.5,21,15.7,1.8,3.5,5.3
2114,16.5,19.6,16.2,0.3,3.1,3.4
2115,18.2,20.9,16.6,1.6,2.7,4.3
2116,17,21.5,17.3,-0.3,4.5,4.2
2117,17.3,22.7,16.5,0.8,5.4,6.2
2118,16.5,20.4,17.8,-1.3,3.9,2.6
2119,14.9,19.4,17.3,-2.4,4.5,2.1
2120,17.3,21.8,17.5,-0.2,4.5,4.3
2121,,19.6,18.6,,,1
2122,18.3,20.6,16.3,2,2.3,4.3
2123,17.5,20.7,17.9,-0.4,3.2,2.8
2124,17.2,20.9,,,3.7,
2125,17.5,21.7,17.2,0.3,4.2,4.5
2126,18,20.3,18.4,-0.4,2.3,1.9
2127,16.3,20.7,18.4,-2.1,4.4,2.3
2128,18.6,21,16.6,2,2.4,4.4
2129,18.2,21.1,17.3,0.9,2.9,3.8
2130,18.2,21.1,17.8,0.4,2.9,3.3
2131,17.9,21.4,17.2,0.7,3.5,4.2
2132,17.5,21.8,18.1,-0.6,4.3,3.7
2133,18.2,21.4,,,3.2,
2134,18.1,21.5,19.3,-1.2,3.4,2.2
2135,17.1,19.4,16,1.1,2.3,3.4
2136,16.9,21.1,17.4,-0.5,4.2,3.7
2137,17.6,21.5,16.6,1,3.9,4.9
2138,19,21.7,18.1,0.9,2.7,3.6
2139,16.3,20.3,15.9,0.4,4,4.4
2140,16,20.3,17.8,-1.8,4.3,2.5
2141,,20.4,16.9,,,3.5
2142,17.6,21.5,16.8,0.8,3.9,4.7
2143,17.7,22,16.1,1.6,4.3,5.9
2144,17.7,20.6,17,0.7,2.9,3.6
2145,17.3,21.9,18.6,-1.3,4.6,3.3
2146,19,21.1,17.5,1.5,2.1,3.6
2147,15.9,20.9,18.1,-2.2,5,2.8
2148,16.7,20.8,19.2,-2.5,4.1,1.6
2149,17.4,21.7,17.8,-0.4,4.3,3.9
2150,15.9,21.3,16.9,-1,5.4,4.4
2151,17.3,23.3,18,-0.7,6,5.3
2152,19.2,20.1,17,2.2,0.9,3.1
2153,17.5,21.5,17,0.5,4,4.5
2154,17.7,20.5,0,17.7,2.8,20.5
2155,16.2,20.1,18.4,-2.2,3.9,1.7
2156,16.9,21,17.1,-0.2,4.1,3.9
2157,17.1,21.1,17.7,-0.6,4,3.4
2158,0,23.9,16.5,-16.5,23.9,7.4
2159,18.8,20.8,17.9,0.9,2,2.9
2160,18.1,19.9,16.7,1.4,1.8,3.2
2161,16.4,21.3,17.4,-1,4.9,3.9
2162,17.7,18.9,18.4,-0.7,1.2,0.5
2163,18,20.9,18.3,-0.3,2.9,2.6
2164,18.6,21,17.5,1.1,2.4,3.5
2165,19.1,21.8,15.7,3.4,2.7,6.1
2166,16.5,22,20.5,-4,5.5,1.5
2167,16.7,20.5,19.2,-2.5,3.8,1.3
2168,16.2,20.8,18.2,-2,4.6,2.6
2169,17.3,20.2,16.7,0.6,2.9,3.5
2170,18,19.9,17.4,0.6,1.9,2.5
2171,18.5,21.3,17,1.5,2.8,4.3
2172,17.4,19.7,18.8,-1.4,2.3,0.9
2173,17.2,20.6,17.8,-0.6,3.4,2.8
2174,17.7,20,16.7,1,2.3,3.3
2175,16.7,21.5,17,-0.3,4.8,4.5
2176,19.6,22.8,18.6,1,3.2,4.2
2177,15.9,19.7,19.1,-3.2,3.8,0.6
2178,17.7,19.1,19,-1.3,1.4,0.1
2179,19.5,20.9,18.3,1.2,1.4,2.6
2180,17.5,21,17.2,0.3,3.5,3.8
2181,17.3,21.2,14.3,3,3.9,6.9
2182,17.1,20.6,17.8,-0.7,3.5,2.8
2183,17.3,20.8,17.5,-0.2,3.5,3.3
2184,18.9,21.4,17.6,1.3,2.5,3.8
2185,15.3,22,17.6,-2.3,6.7,4.4
2186,19,19,16.2,2.8,0,2.8
2187,16.1,20.6,18.1,-2,4.5,2.5
2188,17.2,21.2,18.1,-0.9,4,3.1
2189,17.1,20.1,18.2,-1.1,3,1.9
2190,18.1,22.7,18.4,-0.3,4.6,4.3
2191,15.9,20.4,18.1,-2.2,4.5,2.3
2192,18,21,17.1,0.9,3,3.9
2193,19.5,21.6,17.4,2.1,2.1,4.2
2194,16.1,20.4,17.6,-1.5,4.3,2.8
2195,17.7,19.2,17.6,0.1,1.5,1.6
2196,16.8,20.6,18.5,-1.7,3.8,2.1
2197,17.9,22,18.1,-0.2,4.1,3.9
2198,17.5,20.7,19.6,-2.1,3.2,1.1
2199,16.9,20.2,19.7,-2.8,3.3,0.5
2200,18,21.9,17.6,0.4,3.9,4.3
2201,19.3,20.7,13.7,5.6,1.4,7
2202,17.3,20.5,18.7,-1.4,3.2,1.8
2203,18.2,21.1,17,1.2,2.9,4.1
2204,16.2,21.8,16.7,-0.5,5.6,5.1
2205,16.5,23.4,17.1,-0.6,6.9,6.3
2206,18,21.8,17.1,0.9,3.8,4.7
2207,19,22.2,18.1,0.9,3.2,4.1
2208,17.9,20.5,15.9,2,2.6,4.6
2209,17.2,20,16.4,0.8,2.8,3.6
2210,17.5,21.1,17.8,-0.3,3.6,3.3
2211,16.2,21.1,18.1,-1.9,4.9,3
2212,18.1,19.9,18.1,0,1.8,1.8
2213,18.4,20.8,16.7,1.7,2.4,4.1
2214,17,21.4,16.5,0.5,4.4,4.9
2215,17,21.4,,,4.4,
2216,17.8,21.5,17.7,0.1,3.7,3.8
2217,17.1,21.3,19,-1.9,4.2,2.3
2218,17.4,20.5,15.5,1.9,3.1,5
2219,,20.5,17.3,,,3.2
2220,17.3,19.8,16.2,1.1,2.5,3.6
2221,17.1,22.8,15.8,1.3,5.7,7
2222,16.9,21,18.5,-1.6,4.1,2.5
2223,18.2,20.8,18,0.2,2.6,2.8
2224,17.3,20.1,17.9,-0.6,2.8,2.2
2225,16.9,23.9,18.4,-1.5,7,5.5
2226,18.8,19.9,17,1.8,1.1,2.9
2227,18.9,20.6,17.1,1.8,1.7,3.5
2228,16.9,21.4,19.7,-2.8,4.5,1.7
2229,15.6,21.6,17.3,-1.7,6,4.3
2230,18.5,22,18.2,0.3,3.5,3.8
2231,16.8,22.8,17.5,-0.7,6,5.3
2232,18.3,21.5,15.7,2.6,3.2,5.8
2233,15.5,19.9,15.5,0,4.4,4.4
2234,18.4,20.7,16.9,1.5,2.3,3.8
2235,16.3,21.3,18.6,-2.3,5,2.7
2236,18.2,23.1,18.3,-0.1,4.9,4.8
2237,17.5,19.6,18.4,-0.9,2.1,1.2
2238,16.5,22.2,16.5,0,5.7,5.7
2239,17.1,21.2,19.1,-2,4.1,2.1
2240,18.2,21.8,,,3.6,
2241,17.6,20.9,17.7,-0.1,3.3,3.2
2242,18.1,20.2,17.5,0.6,2.1,2.7
2243,19.5,21.8,0,19.5,2.3,21.8
2244,15.9,21.7,18.8,-2.9,5.8,2.9
2245,19.1,,16.8,2.3,,
2246,17.6,21,16.2,1.4,3.4,4.8
2247,16.6,20.4,17.5,-0.9,3.8,2.9
2248,16.2,19.4,17.1,-0.9,3.2,2.3
2249,17.3,21.8,20.9,-3.6,4.5,0.9
2250,18.4,21.4,18.2,0.2,3,3.2
2251,,20,17.1,,,2.9
2252,19,20.5,16.4,2.6,1.5,4.1
2253,16,20.5,15.6,0.4,4.5,4.9
2254,17.5,19.5,16.5,1,2,3
2255,16.2,20.2,17.6,-1.4,4,2.6
2256,17.9,0,18.9,-1,-17.9,-18.9
2257,18.4,20.6,18.6,-0.2,2.2,2
2258,17.1,20.3,17.7,-0.6,3.2,2.6
2259,14.9,19.4,17.2,-2.3,4.5,2.2
2260,17.7,23,17.8,-0.1,5.3,5.2
2261,17.9,22.3,17,0.9,4.4,5.3
2262,17.9,20.2,19.2,-1.3,2.3,1
2263,18.7,21.3,17.3,1.4,2.6,4
2264,16.4,21.4,17.4,-1,5,4
2265,18.2,22.2,15.3,2.9,4,6.9
2266,18.7,20.2,17.3,1.4,1.5,2.9
2267,15.7,22.1,18.3,-2.6,6.4,3.8
2268,17.8,20.5,16.4,1.4,2.7,4.1
2269,17,19.7,16.7,0.3,2.7,3
2270,17.4,21.7,18.3,-0.9,4.3,3.4
2271,17.8,22.3,16,1.8,4.5,6.3
2272,17,23.6,18.6,-1.6,6.6,5
2273,16.8,19.8,17,-0.2,3,2.8
2274,17.5,21.7,17.1,0.4,4.2,4.6
2275,16.4,20.6,16.4,0,4.2,4.2
2276,16.4,21.8,,,5.4,
2277,18.2,19.5,20,-1.8,1.3,-0.5
2278,16.4,19.7,18.3,-1.9,3.3,1.4
2279,18.2,20.2,16.6,1.6,2,3.6
2280,18,21.1,18.6,-0.6,3.1,2.5
2281,15.8,20.4,17.2,-1.4,4.6,3.2
2282,16.8,21.7,18.9,-2.1,4.9,2.8
2283,18.7,22,18.3,0.4,3.3,3.7
2284,16.5,21.6,14.6,1.9,5.1,7
2285,17,22.6,16.5,0.5,5.6,6.1
2286,18,21.4,18.4,-0.4,3.4,3
2287,18.3,19.8,17.7,0.6,1.5,2.1
2288,17.2,22.4,16.5,0.7,5.2,5.9
2289,,20.4,16.9,,,3.5
2290,18.9,21.9,15.6,3.3,3,6.3
2291,19.2,22.6,17.4,1.8,3.4,5.2
2292,18.5,21.5,19.7,-1.2,3,1.8
2293,17.6,19.5,18.3,-0.7,1.9,1.2
2294,16.7,20.1,19.7,-3,3.4,0.4
2295,16.7,22.3,,,5.6,
2296,18,20.8,18.5,-0.5,2.8,2.3
2297,17.9,21.1,19.5,-1.6,3.2,1.6
2298,18.9,21.8,17.9,1,2.9,3.9
2299,18.2,21.7,17.3,0.9,3.5,4.4
2300,16,21.3,18.5,-2.5,5.3,2.8
2301,18.6,20.8,19,-0.4,2.2,1.8
2302,16.5,20.7,17,-0.5,4.2,3.7
2303,17.1,21.9,16.8,0.3,4.8,5.1
2304,17.8,21.6,17.6,0.2,3.8,4
2305,19.5,20.7,18.3,1.2,1.2,2.4
2306,20.6,22.1,18.3,2.3,1.5,3.8
2307,18.1,20.9,16.1,2,2.8,4.8
2308,17.3,20.1,19.4,-2.1,2.8,0.7
2309,18,20.2,16.9,1.1,2.2,3.3
2310,18.4,20,17.2,1.2,1.6,2.8
2311,17.2,20.7,16.6,0.6,3.5,4.1
2312,19.3,22.2,20.2,-0.9,2.9,2
2313,17.7,20.2,17.7,0,2.5,2.5
2314,18,21.2,16.6,1.4,3.2,4.6
2315,18.2,20.3,18.4,-0.2,2.1,1.9
2316,17.9,20.7,18.3,-0.4,2.8,2.4
2317,18.3,19.5,17.3,1,1.2,2.2
2318,16.9,20.8,18.3,-1.4,3.9,2.5
2319,16.9,20.8,16.7,0.2,3.9,4.1
2320,16.4,21.5,17,-0.6,5.1,4.5
2321,17.9,21.2,15.5,2.4,3.3,5.7
2322,18.3,19.8,16.2,2.1,1.5,3.6
2323,18,22.1,19.3,-1.3,4.1,2.8
2324,19.2,21.2,19.1,0.1,2,2.1
2325,17.5,21.2,17.6,-0.1,3.7,3.6
2326,18.2,21,19.2,-1,2.8,1.8
2327,16.4,20.5,17.3,-0.9,4.1,3.2
2328,17.1,21.2,,,4.1,
2329,,21.5,17.6,,,3.9
2330,18.3,19.3,17.4,0.9,1,1.9
2331,17.2,20.5,17.3,-0.1,3.3,3.2
2332,17.4,20.7,18.6,-1.2,3.3,2.1
2333,16,21.3,17.7,-1.7,5.3,3.6
2334,17.1,22.2,18.2,-1.1,5.1,4
2335,18.4,20.2,18.5,-0.1,1.8,1.7
2336,18.1,20.5,17.9,0.2,2.4,2.6
2337,18,20.5,16.5,1.5,2.5,4
2338,17.5,20.2,16.1,1.4,2.7,4.1
2339,17.5,20.7,17.6,-0.1,3.2,3.1
2340,16.8,21.8,17.3,-0.5,5,4.5
2341,18.2,19.9,17.6,0.6,1.7,2.3
2342,17.9,21.4,17.5,0.4,3.5,3.9
2343,18,19.3,20.1,-2.1,1.3,-0.8
2344,17,20.4,16.2,0.8,3.4,4.2
2345,15.3,20.7,15.5,-0.2,5.4,5.2
2346,18.6,22.7,17.8,0.8,4.1,4.9
2347,17,20.7,17.1,-0.1,3.7,3.6
2348,16.6,18.8,17.8,-1.2,2.2,1
2349,18.2,19,18.1,0.1,0.8,0.9
2350,17.1,21,18.8,-1.7,3.9,2.2
2351,18.6,,16,2.6,,
2352,18.1,21.4,16.9,1.2,3.3,4.5
2353,18.2,21.2,17.9,0.3,3,3.3
2354,16.1,22.2,18.3,-2.2,6.1,3.9
2355,18.7,20.5,19.7,-1,1.8,0.8
2356,17.8,21.9,18.5,-0.7,4.1,3.4
2357,17.1,19.4,17.4,-0.3,2.3,2
2358,17.6,20.1,16.6,1,2.5,3.5
2359,15.7,19.2,0,15.7,3.5,19.2
2360,17.9,20.7,16.9,1,2.8,3.8
2361,16.5,21,18.2,-1.7,4.5,2.8
2362,,21.1,17.8,,,3.3
2363,16,,16.2,-0.2,,
2364,18.6,20.1,17.1,1.5,1.5,3
2365,16.9,20.8,18.4,-1.5,3.9,2.4
2366,19,19.5,17.9,1.1,0.5,1.6
2367,17,22.4,18.1,-1.1,5.4,4.3
2368,15.8,,17.9,-2.1,,
2369,16.4,,19.1,-2.7,,
2370,18.7,22.6,17.7,1,3.9,4.9
2371,17.3,19.8,17.1,0.2,2.5,2.7
2372,17,19.9,16.6,0.4,2.9,3.3
2373,17.7,19.9,17.7,0,2.2,2.2
2374,18,20.9,15.1,2.9,2.9,5.8
2375,18.6,21.4,17.3,1.3,2.8,4.1
2376,18.9,21.7,17.3,1.6,2.8,4.4
2377,17.1,23.6,16.1,1,6.5,7.5
2378,16.2,18.8,16.6,-0.4,2.6,2.2
2379,17.1,21.6,18.3,-1.2,4.5,3.3
2380,17.8,20.4,17.7,0.1,2.6,2.7
2381,16.5,20.4,17.6,-1.1,3.9,2.8
2382,16.5,20.4,17.8,-1.3,3.9,2.6
2383,17.8,20.1,17.6,0.2,2.3,2.5
2384,17.5,22.7,18.7,-1.2,5.2,4
2385,17.5,21.8,17.6,-0.1,4.3,4.2
2386,16.7,21,16,0.7,4.3,5
2387,17.3,22.4,19.1,-1.8,5.1,3.3
2388,16.6,19.5,17.9,-1.3,2.9,1.6
2389,18.4,19.7,16.9,1.5,1.3,2.8
2390,18.5,18.8,16.2,2.3,0.3,2.6
2391,15.7,20.3,17.9,-2.2,4.6,2.4
2392,16.6,21.2,17.4,-0.8,4.6,3.8
2393,16,21.1,19.1,-3.1,5.1,2
2394,16.8,21.1,17.2,-0.4,4.3,3.9
2395,17.4,19.6,16.7,0.7,2.2,2.9
2396,16.1,21.8,18.4,-2.3,5.7,3.4
2397,16.6,21.2,18.4,-1.8,4.6,2.8
2398,16.5,21.7,17.7,-1.2,5.2,4
2399,17.7,19.1,18.2,-0.5,1.4,0.9
2400,17.6,21.3,17.5,0.1,3.7,3.8
2401,16.8,19.8,17.7,-0.9,3,2.1
2402,17.7,20.6,18.7,-1,2.9,1.9
2403,17,21.5,18.1,-1.1,4.5,3.4
2404,17.2,21.1,17.3,-0.1,3.9,3.8
2405,19.2,20.1,18.9,0.3,0.9,1.2
2406,18.8,21,15.1,3.7,2.2,5.9
2407,16.2,19.5,19.6,-3.4,3.3,-0.1
2408,18.3,22.2,15.8,2.5,3.9,6.4
2409,18.3,20.8,16.9,1.4,2.5,3.9
2410,16.4,22.1,17.5,-1.1,5.7,4.6
2411,18.3,20.5,17.4,0.9,2.2,3.1
2412,19,20.5,18.5,0.5,1.5,2
2413,16.4,20.2,16.4,0,3.8,3.8
2414,16.6,21.9,17.8,-1.2,5.3,4.1
2415,18.5,20.3,16.9,1.6,1.8,3.4
2416,17.8,21.6,17.8,0,3.8,3.8
2417,18.1,20.6,17.4,0.7,2.5,3.2
2418,17.8,19,17.6,0.2,1.2,1.4
2419,17.9,20.4,17,0.9,2.5,3.4
2420,16.2,19.8,17,-0.8,3.6,2.8
2421,18.5,21,17.8,0.7,2.5,3.2
2422,18.7,19.8,18.4,0.3,1.1,1.4
2423,17.3,21.9,16.9,0.4,4.6,5
2424,17.5,20.9,16.6,0.9,3.4,4.3
2425,16,20.8,18.1,-2.1,4.8,2.7
2426,18,21.7,17.5,0.5,3.7,4.2
2427,18.1,22,18.3,-0.2,3.9,3.7
2428,17.4,21,16.6,0.8,3.6,4.4
2429,18.6,20.2,15.7,2.9,1.6,4.5
2430,17.2,19.2,17,0.2,2,2.2
2431,18.1,20.3,16.7,1.4,2.2,3.6
2432,16.5,20.4,17.4,-0.9,3.9,3
2433,17.5,21.1,16.9,0.6,3.6,4.2
2434,17.3,20.7,18.2,-0.9,3.4,2.5
2435,,21.7,17.2,,,4.5
2436,17.1,20.4,17.7,-0.6,3.3,2.7
2437,17.4,20.9,17.7,-0.3,3.5,3.2
2438,0,22.2,17.7,-17.7,22.2,4.5
2439,0,21.3,17.5,-17.5,21.3,3.8
2440,15.9,20.9,18,-2.1,5,2.9
2441,19.2,20.4,16.7,2.5,1.2,3.7
2442,18.9,20.4,,,1.5,
2443,16.2,20.1,17.3,-1.1,3.9,2.8
2444,18.2,20.5,,,2.3,
2445,17,21.8,17.7,-0.7,4.8,4.1
2446,17.8,20.8,16.6,1.2,3,4.2
2447,17.8,19.7,18.2,-0.4,1.9,1.5
2448,17.3,22.8,19.7,-2.4,5.5,3.1
2449,16.7,21.3,16.7,0,4.6,4.6
2450,16.8,19.6,17.8,-1,2.8,1.8
2451,16.6,20.6,15.7,0.9,4,4.9
2452,16.7,21.1,18,-1.3,4.4,3.1
2453,,22.7,16.6,,,6.1
2454,16.8,19.9,16.9,-0.1,3.1,3
2455,18.2,22,16.4,1.8,3.8,5.6
2456,19,22.4,18.2,0.8,3.4,4.2
2457,16.9,20.4,18.5,-1.6,3.5,1.9
2458,17.7,20.7,17.5,0.2,3,3.2
2459,18,20,16.6,1.4,2,3.4
2460,18,20.8,19.1,-1.1,2.8,1.7
2461,17.6,21,16.7,0.9,3.4,4.3
2462,18.2,21.7,0,18.2,3.5,21.7
2463,18,22.1,18,0,4.1,4.1
2464,16.3,20.3,16.4,-0.1,4,3.9
2465,18.4,19,18.5,-0.1,0.6,0.5
2466,18.4,21,17.1,1.3,2.6,3.9
2467,16.7,21.3,18.1,-1.4,4.6,3.2
2468,17.5,21.2,18.9,-1.4,3.7,2.3
2469,18.2,20.7,16.3,1.9,2.5,4.4
2470,17.3,21.1,16.9,0.4,3.8,4.2
2471,18.6,22.5,17.4,1.2,3.9,5.1
2472,19.9,21.4,19,0.9,1.5,2.4
2473,16.7,20.6,16.8,-0.1,3.9,3.8
2474,16.1,20.5,16.9,-0.8,4.4,3.6
2475,17.8,20.8,18,-0.2,3,2.8
2476,18.2,22.6,16.9,1.3,4.4,5.7
2477,17.3,20.8,17.7,-0.4,3.5,3.1
2478,19,21,15.9,3.1,2,5.1
2479,16.2,20.5,19.7,-3.5,4.3,0.8
2480,18.2,22.1,16.2,2,3.9,5.9
2481,16.9,23,17.2,-0.3,6.1,5.8
2482,19.2,21.5,17.5,1.7,2.3,4
2483,19.5,21.1,19.4,0.1,1.6,1.7
2484,16.7,21,16.2,0.5,4.3,4.8
2485,17,18.6,19.5,-2.5,1.6,-0.9
2486,18.4,21.7,18.3,0.1,3.3,3.4
2487,17.1,21.1,17.9,-0.8,4,3.2
2488,17.5,21.4,16.5,1,3.9,4.9
2489,17.5,20.3,18.1,-0.6,2.8,2.2
2490,15.6,20.6,16.8,-1.2,5,3.8
2491,17.5,20.6,18.8,-1.3,3.1,1.8
2492,16.8,22,16.5,0.3,5.2,5.5
2493,17,20.6,17.4,-0.4,3.6,3.2
2494,18.9,23.1,16.9,2,4.2,6.2
2495,16.2,21.4,16.5,-0.3,5.2,4.9
2496,18.3,19.7,18.2,0.1,1.4,1.5
2497,17.2,20.9,18,-0.8,3.7,2.9
2498,17.2,20.3,18.7,-1.5,3.1,1.6
2499,18.3,18.8,15.7,2.6,0.5,3.1
2500,17.8,22.6,18.6,-0.8,4.8,4
2501,18.1,21.7,20,-1.9,3.6,1.7
2502,18.5,21.5,17,1.5,3,4.5
2503,17.2,21.2,19.4,-2.2,4,1.8
2504,,19.6,17.2,,,2.4
2505,16.4,20.5,16.1,0.3,4.1,4.4
2506,16.7,21.8,17.2,-0.5,5.1,4.6
2507,20.4,19.9,18.5,1.9,-0.5,1.4
2508,18.7,18.5,16.7,2,-0.2,1.8
2509,16.1,20.8,16.9,-0.8,4.7,3.9
2510,16.2,20.9,18.1,-1.9,4.7,2.8
2511,18,21.1,17.5,0.5,3.1,3.6
2512,18,21.7,18.1,-0.1,3.7,3.6
2513,18,21.6,17.7,0.3,3.6,3.9
2514,17.2,21.3,18,-0.8,4.1,3.3
2515,17.4,22.2,17.1,0.3,4.8,5.1
2516,17.8,19.5,17.7,0.1,1.7,1.8
2517,17.6,21.5,16.6,1,3.9,4.9
2518,15.3,21.6,18.8,-3.5,6.3,2.8
2519,17.3,19.8,16.9,0.4,2.5,2.9
2520,16.6,19.5,18.6,-2,2.9,0.9
2521,17.7,20.3,17.3,0.4,2.6,3
2522,20.5,20.3,17.7,2.8,-0.2,2.6
2523,17.9,21.8,17,0.9,3.9,4.8
2524,17.2,20.4,16.5,0.7,3.2,3.9
2525,18.4,20.1,15.8,2.6,1.7,4.3
2526,18,20.4,16.4,1.6,2.4,4
2527,17.9,22.1,17.2,0.7,4.2,4.9
2528,18.1,21,17.7,0.4,2.9,3.3
2529,19.6,20.8,18.5,1.1,1.2,2.3
2530,16.4,20.9,17.1,-0.7,4.5,3.8
2531,18,22.3,16.6,1.4,4.3,5.7
2532,16.6,20.3,16.1,0.5,3.7,4.2
2533,18.1,22.3,18,0.1,4.2,4.3
2534,16.6,21.2,18.9,-2.3,4.6,2.3
2535,17.1,20.8,18.8,-1.7,3.7,2
2536,17.2,23.5,18.2,-1,6.3,5.3
2537,18.5,19.9,18.1,0.4,1.4,1.8
2538,18.4,0,,,-18.4,
2539,16.3,19.8,17.8,-1.5,3.5,2
2540,17.6,22,18.1,-0.5,4.4,3.9
2541,16.8,22.7,17.2,-0.4,5.9,5.5
2542,16.2,22.7,16.1,0.1,6.5,6.6
2543,17.3,22.2,,,4.9,
2544,17.2,20.8,17.5,-0.3,3.6,3.3
2545,19.9,20.6,17.6,2.3,0.7,3
2546,17.9,19.3,19.4,-1.5,1.4,-0.1
2547,16.1,23,17.6,-1.5,6.9,5.4
2548,16.9,21.5,18.7,-1.8,4.6,2.8
2549,18.5,20.5,17.1,1.4,2,3.4
2550,19.6,22.3,17.2,2.4,2.7,5.1
2551,15.9,20,16.2,-0.3,4.1,3.8
2552,15.6,21.4,16.8,-1.2,5.8,4.6
2553,19.4,0,18,1.4,-19.4,-18
2554,17.9,21.6,17.5,0.4,3.7,4.1
2555,16.6,20.9,18.4,-1.8,4.3,2.5
2556,18,19.5,17.7,0.3,1.5,1.8
2557,14.9,21.1,17.1,-2.2,6.2,4
2558,17.5,22,19.6,-2.1,4.5,2.4
2559,17.3,20.5,17.6,-0.3,3.2,2.9
2560,17.3,20.5,17.6,-0.3,3.2,2.9
2561,17.3,20.5,17.6,-0.3,3.2,2.9
2562,17.3,20.5,17.6,-0.3,3.2,2.9
2563,17.3,20.5,17.6,-0.3,3.2,2.9
2564,17.3,20.5,17.6,-0.3,3.2,2.9
2565,16.6,21,15.1,1.5,4.4,5.9
2566,17.1,21.7,17.5,-0.4,4.6,4.2
2567,16.5,22.1,18.7,-2.2,5.6,3.4
2568,18.2,21.7,18,0.2,3.5,3.7
2569,18.4,21.3,17.9,0.5,2.9,3.4
2570,17.3,20,15.8,1.5,2.7,4.2
2571,17.5,21,16.8,0.7,3.5,4.2
2572,16.1,20.5,0,16.1,4.4,20.5
2573,17.2,20.7,17.9,-0.7,3.5,2.8
2574,17.4,20.6,18.7,-1.3,3.2,1.9
2575,20.1,20,17.4,2.7,-0.1,2.6
2576,16.4,19,17.9,-1.5,2.6,1.1
2577,19,20.3,17.5,1.5,1.3,2.8
2578,18.5,21.2,16.5,2,2.7,4.7
2579,6.6,12.8,6.2,0.4,6.2,6.6
2580,19.3,21,17.9,1.4,1.7,3.1
2581,17.9,22.9,17.7,0.2,5,5.2
2582,17.9,22,16.9,1,4.1,5.1
2583,17.4,22.6,15.9,1.5,5.2,6.7
2584,18.7,21.4,18.1,0.6,2.7,3.3
2585,18.6,22.2,17.2,1.4,3.6,5
2586,16.9,20.3,18.1,-1.2,3.4,2.2
2587,16.2,20.4,19.4,-3.2,4.2,1
2588,17.3,18.3,15.4,1.9,1,2.9
2589,16.7,22.2,16.8,-0.1,5.5,5.4
2590,17.4,22.5,17.3,0.1,5.1,5.2
2591,18.7,20.4,19,-0.3,1.7,1.4
2592,17,20.7,15.9,1.1,3.7,4.8
2593,17.5,20.2,19.4,-1.9,2.7,0.8
2594,17.6,21.4,17.6,0,3.8,3.8
2595,18.3,22.1,17.4,0.9,3.8,4.7
2596,15.3,19.3,17.3,-2,4,2
2597,16.9,21.4,17.1,-0.2,4.5,4.3
2598,17.7,20.7,18.5,-0.8,3,2.2
2599,18.7,21.1,16.4,2.3,2.4,4.7
2600,17,21.5,17.8,-0.8,4.5,3.7
2601,15.6,20.8,17.1,-1.5,5.2,3.7
2602,18.1,20.9,16.7,1.4,2.8,4.2
2603,16.9,20.8,20.1,-3.2,3.9,0.7
2604,16.3,22,17.9,-1.6,5.7,4.1
2605,16.9,21.4,18.1,-1.2,4.5,3.3
2606,17.3,21.2,18.6,-1.3,3.9,2.6
2607,16.9,19.7,16.1,0.8,2.8,3.6
2608,15.3,20.6,19.3,-4,5.3,1.3
2609,18.4,21.9,15,3.4,3.5,6.9
2610,18.8,21,16.7,2.1,2.2,4.3
2611,18.2,21.7,17,1.2,3.5,4.7
2612,16.4,22.8,18.1,-1.7,6.4,4.7
2613,17.3,22,17.7,-0.4,4.7,4.3
2614,17.5,21.1,17.3,0.2,3.6,3.8
2615,18.1,20.5,17.5,0.6,2.4,3
2616,18.2,18.4,16.5,1.7,0.2,1.9
2617,16.8,20.8,16,0.8,4,4.8
2618,17.6,20.7,18.2,-0.6,3.1,2.5
2619,18,21.4,18.2,-0.2,3.4,3.2
2620,19,20.8,19.1,-0.1,1.8,1.7
2621,18.2,20.7,16.7,1.5,2.5,4
2622,18.3,19.2,18.2,0.1,0.9,1
2623,17.6,20.1,17.2,0.4,2.5,2.9
2624,18.9,21.5,18.7,0.2,2.6,2.8
2625,17.9,22.7,18.5,-0.6,4.8,4.2
2626,16.6,20.9,17.7,-1.1,4.3,3.2
2627,18.9,21.3,17.2,1.7,2.4,4.1
2628,18.2,22,18.5,-0.3,3.8,3.5
2629,17.1,20.2,18.1,-1,3.1,2.1
2630,17,21.4,16.8,0.2,4.4,4.6
2631,17.8,20.3,16.2,1.6,2.5,4.1
2632,18,21.9,17.2,0.8,3.9,4.7
2633,17.7,21.2,19,-1.3,3.5,2.2
2634,17.8,21.3,18.6,-0.8,3.5,2.7
2635,19.2,20.2,16.4,2.8,1,3.8
2636,18.6,21.7,16.3,2.3,3.1,5.4
2637,17.7,23.1,18.8,-1.1,5.4,4.3
2638,18.4,20,16.4,2,1.6,3.6
2639,16.5,20.7,18,-1.5,4.2,2.7
2640,17.9,21.2,16.9,1,3.3,4.3
2641,6.8,12.2,5.5,1.3,5.4,6.7
2642,17.3,20.4,16.7,0.6,3.1,3.7
2643,16.7,18.2,18.6,-1.9,1.5,-0.4
2644,16.8,22.4,17.7,-0.9,5.6,4.7
2645,16.4,21.8,17.8,-1.4,5.4,4
2646,16.7,19.3,15.5,1.2,2.6,3.8
2647,17.1,20.4,15.3,1.8,3.3,5.1
2648,16.1,22.6,17.3,-1.2,6.5,5.3
2649,17.5,22.4,17.7,-0.2,4.9,4.7
2650,18.4,21.9,16.4,2,3.5,5.5
2651,16.6,20.8,16.4,0.2,4.2,4.4
2652,,21.1,18.1,,,3
2653,18,20.9,18.1,-0.1,2.9,2.8
2654,18.5,22.1,17.4,1.1,3.6,4.7
2655,16.8,20.1,18.3,-1.5,3.3,1.8
2656,18.4,20.2,16.3,2.1,1.8,3.9
2657,16.4,22,17.1,-0.7,5.6,4.9
2658,18.4,21,19.1,-0.7,2.6,1.9
2659,17.7,22.4,17.6,0.1,4.7,4.8
2660,18.1,20.3,17.6,0.5,2.2,2.7
2661,16.3,20.9,19.8,-3.5,4.6,1.1
2662,16.6,20.1,16.1,0.5,3.5,4
2663,18.1,21,18.3,-0.2,2.9,2.7
2664,16.6,19.5,19.2,-2.6,2.9,0.3
2665,18,20.5,17.2,0.8,2.5,3.3
2666,16.1,19.6,18.4,-2.3,3.5,1.2
2667,18.3,21.7,16.5,1.8,3.4,5.2
2668,16.3,21.7,16.8,-0.5,5.4,4.9
2669,18.1,19.3,17.9,0.2,1.2,1.4
2670,18.1,22.3,18.3,-0.2,4.2,4
2671,16.8,23.5,18.6,-1.8,6.7,4.9
2672,18.1,21,19.1,-1,2.9,1.9
2673,17.8,,17.4,0.4,,
2674,17,23.8,18.7,-1.7,6.8,5.1
2675,16.5,19.7,17.2,-0.7,3.2,2.5
2676,15.5,21,18.4,-2.9,5.5,2.6
2677,17.8,21.2,17.7,0.1,3.4,3.5
2678,15.9,22.3,17.9,-2,6.4,4.4
2679,17.6,21.4,17.9,-0.3,3.8,3.5
2680,17.2,20.5,15.9,1.3,3.3,4.6
2681,18.2,20,16.4,1.8,1.8,3.6
2682,17.2,20.7,17.6,-0.4,3.5,3.1
2683,17.2,20,15.8,1.4,2.8,4.2
2684,18.2,21,18.3,-0.1,2.8,2.7
2685,17.8,20.4,18.4,-0.6,2.6,2
2686,17.8,19.5,17.8,0,1.7,1.7
2687,18,22.3,16.4,1.6,4.3,5.9
2688,16,20.5,18.9,-2.9,4.5,1.6
2689,18.3,19.7,19.5,-1.2,1.4,0.2
2690,18.1,20.8,17.6,0.5,2.7,3.2
2691,16.5,21.1,18,-1.5,4.6,3.1
2692,17.3,19.3,17.7,-0.4,2,1.6
2693,17.5,21.3,18,-0.5,3.8,3.3
2694,17.4,20,17.4,0,2.6,2.6
2695,17.8,22.7,17.5,0.3,4.9,5.2
2696,18.9,21.5,18.4,0.5,2.6,3.1
2697,18.6,20.6,19.8,-1.2,2,0.8
2698,16.2,20.3,16.1,0.1,4.1,4.2
2699,18.1,20.9,17.4,0.7,2.8,3.5
2700,18.8,21.6,16.3,2.5,2.8,5.3
2701,17.9,21,19.1,-1.2,3.1,1.9
2702,18.6,20.8,16.9,1.7,2.2,3.9
2703,19.5,21.1,16.1,3.4,1.6,5
2704,18.5,20.4,18.1,0.4,1.9,2.3
2705,17.7,20.7,19.2,-1.5,3,1.5
2706,18.5,18.9,18.2,0.3,0.4,0.7
2707,17.6,22,17.7,-0.1,4.4,4.3
2708,17.5,21.3,17.9,-0.4,3.8,3.4
2709,17.1,20.2,18.9,-1.8,3.1,1.3
2710,19.1,22.9,16.6,2.5,3.8,6.3
2711,16.7,21.1,17.4,-0.7,4.4,3.7
2712,19,0,17,2,-19,-17
2713,18,21.9,16.3,1.7,3.9,5.6
2714,16.1,21.4,17.2,-1.1,5.3,4.2
2715,17.9,21.4,18.6,-0.7,3.5,2.8
2716,15.4,20.6,18.1,-2.7,5.2,2.5
2717,18.1,21.5,18.1,0,3.4,3.4
2718,18.4,20.7,17.6,0.8,2.3,3.1
2719,16.9,21.6,18,-1.1,4.7,3.6
2720,17.6,19.1,16.7,0.9,1.5,2.4
2721,19.5,20.6,17.2,2.3,1.1,3.4
2722,17,22.7,,,5.7,
2723,16.4,20.2,17.8,-1.4,3.8,2.4
2724,19,20.4,17.8,1.2,1.4,2.6
2725,19.5,20.6,17.4,2.1,1.1,3.2
2726,17.5,19.8,17.1,0.4,2.3,2.7
2727,18.5,18.8,20.7,-2.2,0.3,-1.9
2728,18.8,20.8,18.4,0.4,2,2.4
2729,16.8,21.1,17.9,-1.1,4.3,3.2
2730,17,20.9,17.3,-0.3,3.9,3.6
2731,18.7,20.9,17,1.7,2.2,3.9
2732,19.2,21,17.4,1.8,1.8,3.6
2733,18.1,22,17.8,0.3,3.9,4.2
2734,16.6,20.8,15.6,1,4.2,5.2
2735,19.5,20.4,15.9,3.6,0.9,4.5
2736,17,20.7,16.9,0.1,3.7,3.8
2737,17.2,21.6,17.7,-0.5,4.4,3.9
2738,17.8,22.4,17.3,0.5,4.6,5.1
2739,19.1,20.4,19,0.1,1.3,1.4
2740,18.4,21.1,16,2.4,2.7,5.1
2741,17.9,21.3,16.7,1.2,3.4,4.6
2742,18,20,19,-1,2,1
2743,17.5,21,17.6,-0.1,3.5,3.4
2744,18.1,19.5,18.4,-0.3,1.4,1.1
2745,15,19.2,19.6,-4.6,4.2,-0.4
2746,17.2,21.4,16.8,0.4,4.2,4.6
2747,17.7,20.6,17.4,0.3,2.9,3.2
2748,16.3,21.2,17.2,-0.9,4.9,4
2749,17.9,21,15.5,2.4,3.1,5.5
2750,17.3,20,17.2,0.1,2.7,2.8
2751,19.3,21,18.4,0.9,1.7,2.6
2752,19.1,19.8,18,1.1,0.7,1.8
2753,17,22.4,18.1,-1.1,5.4,4.3
2754,17.3,,17.1,0.2,,
2755,17.4,20.8,16.8,0.6,3.4,4
2756,17,20,18.8,-1.8,3,1.2
2757,17.7,21.6,17,0.7,3.9,4.6
2758,16.7,20.7,17.8,-1.1,4,2.9
2759,16.4,20.5,17.7,-1.3,4.1,2.8
2760,18.1,21.9,19,-0.9,3.8,2.9
2761,18.1,21,18.5,-0.4,2.9,2.5
2762,16.7,21.5,16.2,0.5,4.8,5.3
2763,18.4,20,16.3,2.1,1.6,3.7
2764,16.9,19.6,18.1,-1.2,2.7,1.5
2765,17.8,21.1,17.4,0.4,3.3,3.7
2766,18.3,20.7,17,1.3,2.4,3.7
2767,17.5,21.6,18.5,-1,4.1,3.1
2768,18,20.9,17.7,0.3,2.9,3.2
2769,17,21.2,17.6,-0.6,4.2,3.6
2770,17.3,19.4,18.3,-1,2.1,1.1
2771,17.3,22.9,17.1,0.2,5.6,5.8
2772,16.8,20.8,19.1,-2.3,4,1.7
2773,17.3,21.7,16.7,0.6,4.4,5
2774,0,20.2,18.2,-18.2,20.2,2
2775,17,21.3,18.9,-1.9,4.3,2.4
2776,17.2,19.7,16.1,1.1,2.5,3.6
2777,17.2,21.5,17.2,0,4.3,4.3
2778,17.3,20.6,18.6,-1.3,3.3,2
2779,17.4,21,18.7,-1.3,3.6,2.3
2780,,21.7,17.3,,,4.4
2781,18.4,19.8,16.8,1.6,1.4,3
2782,16.9,20.3,18.5,-1.6,3.4,1.8
2783,16.3,21.5,18.7,-2.4,5.2,2.8
2784,16.5,23.1,16.3,0.2,6.6,6.8
2785,17,20.9,16.3,0.7,3.9,4.6
2786,17.1,21.6,17.7,-0.6,4.5,3.9
2787,16.7,20.9,18.1,-1.4,4.2,2.8
2788,16.2,,17.2,-1,,
2789,17,19.3,18.2,-1.2,2.3,1.1
2790,17.7,21.1,16.8,0.9,3.4,4.3
2791,18.1,19.4,,,1.3,
2792,16.9,18.5,17.1,-0.2,1.6,1.4
2793,17.1,21.3,17.6,-0.5,4.2,3.7
2794,16.6,21.1,17.2,-0.6,4.5,3.9
2795,17.5,20.7,16.3,1.2,3.2,4.4
2796,16.7,,15.7,1,,
2797,18.1,24.1,17,1.1,6,7.1
2798,15.7,20.7,18.4,-2.7,5,2.3
2799,17.1,21.5,18.8,-1.7,4.4,2.7
2800,17.8,20.4,18.7,-0.9,2.6,1.7
2801,17.7,21.3,16.7,1,3.6,4.6
2802,20.2,20.8,16.3,3.9,0.6,4.5
2803,17.8,20.6,18,-0.2,2.8,2.6
2804,16.5,22.8,18.1,-1.6,6.3,4.7
2805,17.4,22.2,17.9,-0.5,4.8,4.3
2806,15.7,21.1,15.5,0.2,5.4,5.6
2807,17.4,18.7,16.6,0.8,1.3,2.1
2808,16.7,20.6,17.5,-0.8,3.9,3.1
2809,18.4,23.7,18,0.4,5.3,5.7
2810,17,20.8,18.3,-1.3,3.8,2.5
2811,17.4,22.1,17.6,-0.2,4.7,4.5
2812,16.9,22.4,17.8,-0.9,5.5,4.6
2813,19.2,21.2,17.6,1.6,2,3.6
2814,17.2,20.2,18.2,-1,3,2
2815,19.3,18.6,17.8,1.5,-0.7,0.8
2816,18.3,21.7,17.6,0.7,3.4,4.1
2817,18,20.2,17.2,0.8,2.2,3
2818,17.9,21.2,17.6,0.3,3.3,3.6
2819,17.9,19.8,18,-0.1,1.9,1.8
2820,15.6,20.7,17.8,-2.2,5.1,2.9
2821,17.2,21,17.9,-0.7,3.8,3.1
2822,18.3,21.3,18.8,-0.5,3,2.5
2823,17.5,19.9,17.8,-0.3,2.4,2.1
2824,16.1,22.2,16.9,-0.8,6.1,5.3
2825,17.4,20.4,18.4,-1,3,2
2826,19.2,19.3,16.1,3.1,0.1,3.2
2827,18.7,20.9,16.4,2.3,2.2,4.5
2828,17.4,21,17.8,-0.4,3.6,3.2
2829,18.5,21.2,18,0.5,2.7,3.2
2830,17.1,22.4,16.3,0.8,5.3,6.1
2831,15.8,20.8,17.1,-1.3,5,3.7
2832,16.6,20.9,16.9,-0.3,4.3,4
2833,19.1,19.9,17,2.1,0.8,2.9
2834,17.2,21.8,18.4,-1.2,4.6,3.4
2835,17.3,21.2,18.2,-0.9,3.9,3
2836,17.2,20.6,17.5,-0.3,3.4,3.1
2837,19.4,19.1,17,2.4,-0.3,2.1
2838,19.1,22.4,16.2,2.9,3.3,6.2
2839,19.7,19.8,18.9,0.8,0.1,0.9
2840,17.3,20.4,18.1,-0.8,3.1,2.3
2841,17.8,21.4,16.8,1,3.6,4.6
2842,16,19.8,18.2,-2.2,3.8,1.6
2843,19,0,17.4,1.6,-19,-17.4
2844,16.3,18.9,17.2,-0.9,2.6,1.7
2845,17.7,21.7,,,4,
2846,16.4,20.5,16.8,-0.4,4.1,3.7
2847,16.9,23.9,17.2,-0.3,7,6.7
2848,16.7,20,17.6,-0.9,3.3,2.4
2849,16.9,20.1,17,-0.1,3.2,3.1
2850,17,20.4,18.2,-1.2,3.4,2.2
2851,17,21.2,19.4,-2.4,4.2,1.8
2852,,20.5,16.7,,,3.8
2853,16.4,21.6,15.8,0.6,5.2,5.8
2854,17.7,0,15.5,2.2,-17.7,-15.5
2855,18.7,19.6,17.3,1.4,0.9,2.3
2856,17,19.2,16.8,0.2,2.2,2.4
2857,16.8,18.8,17.7,-0.9,2,1.1
2858,17.3,20.5,17.6,-0.3,3.2,2.9
2859,18.7,20.7,15.9,2.8,2,4.8
2860,17.7,20.4,15.7,2,2.7,4.7
2861,0,22.2,17.8,-17.8,22.2,4.4
2862,18,22.2,17.6,0.4,4.2,4.6
2863,16.4,20.7,17.1,-0.7,4.3,3.6
2864,18.2,19.2,15.8,2.4,1,3.4
2865,17.9,20.4,,,2.5,
2866,17.2,20.4,18.8,-1.6,3.2,1.6
2867,16.7,20.3,17.8,-1.1,3.6,2.5
2868,16.6,20.3,16.7,-0.1,3.7,3.6
2869,18,20.3,17.5,0.5,2.3,2.8
2870,18.7,20.6,16.1,2.6,1.9,4.5
2871,16.9,20.4,18.6,-1.7,3.5,1.8
2872,18,21.2,17.6,0.4,3.2,3.6
2873,15.4,21.4,15.7,-0.3,6,5.7
2874,16.9,20.1,17.2,-0.3,3.2,2.9
2875,17.5,22.3,18,-0.5,4.8,4.3
2876,16.6,20,17.2,-0.6,3.4,2.8
2877,16.6,19.4,17.2,-0.6,2.8,2.2
2878,16.8,21.4,16.3,0.5,4.6,5.1
2879,17.8,20.2,18.1,-0.3,2.4,2.1
2880,17.3,21.3,16.9,0.4,4,4.4
2881,15.3,,15.3,0,,
2882,15.4,22.4,17.1,-1.7,7,5.3
2883,16.9,21.7,18.5,-1.6,4.8,3.2
2884,18,19.5,17.1,0.9,1.5,2.4
2885,14.8,19.5,19.2,-4.4,4.7,0.3
2886,17,22.7,17.9,-0.9,5.7,4.8
2887,17,20.3,17.8,-0.8,3.3,2.5
2888,,20.2,17.4,,,2.8
2889,17.1,18.7,17.4,-0.3,1.6,1.3
2890,17.9,20.6,17.2,0.7,2.7,3.4
2891,17.6,20.8,17.2,0.4,3.2,3.6
2892,15.4,21.7,18,-2.6,6.3,3.7
2893,18.3,19.6,16.6,1.7,1.3,3
2894,17.7,,16.4,1.3,,
2895,18,21.5,16.4,1.6,3.5,5.1
2896,21.4,22,19.5,1.9,0.6,2.5
2897,15.4,19.4,18,-2.6,4,1.4
2898,19.2,,17.8,1.4,,
2899,17.2,21,16.4,0.8,3.8,4.6
2900,17.8,22.1,18.1,-0.3,4.3,4
2901,17.5,20.9,17.4,0.1,3.4,3.5
2902,17.1,18.5,17.7,-0.6,1.4,0.8
2903,16.9,20.8,16.5,0.4,3.9,4.3
2904,17.8,22.1,17.7,0.1,4.3,4.4
2905,16,20.1,17.1,-1.1,4.1,3
2906,18.3,20.6,16.7,1.6,2.3,3.9
2907,17.1,20.8,18.2,-1.1,3.7,2.6
2908,6.9,10,7.5,-0.6,3.1,2.5
2909,17,22.7,18.1,-1.1,5.7,4.6
2910,18.8,20.1,,,1.3,
2911,17,21.5,16.6,0.4,4.5,4.9
2912,17.9,20.9,16.7,1.2,3,4.2
2913,16.8,22.3,17.3,-0.5,5.5,5
2914,18.3,21.4,17.8,0.5,3.1,3.6
2915,18.2,20.8,17.3,0.9,2.6,3.5
2916,19.3,20.1,17.9,1.4,0.8,2.2
2917,17.3,21.8,19.3,-2,4.5,2.5
2918,18.2,,17,1.2,,
2919,17.6,21.6,15.8,1.8,4,5.8
2920,18.8,19.9,18.3,0.5,1.1,1.6
2921,,22.3,19.2,,,3.1
2922,18.2,21.2,17.9,0.3,3,3.3
2923,17.3,21.6,16.4,0.9,4.3,5.2
2924,17.4,21.1,17.4,0,3.7,3.7
2925,17.6,19.2,16.4,1.2,1.6,2.8
2926,17.8,20.1,18.1,-0.3,2.3,2
2927,17.4,21.7,16.1,1.3,4.3,5.6
2928,17.7,21.2,17.2,0.5,3.5,4
2929,19.1,22.2,16.5,2.6,3.1,5.7
2930,18.5,21.4,17.6,0.9,2.9,3.8
2931,18.4,20,17.1,1.3,1.6,2.9
2932,17,20.2,17.7,-0.7,3.2,2.5
2933,16.6,0,17.5,-0.9,-16.6,-17.5
2934,18.5,18.7,16.5,2,0.2,2.2
2935,18.4,0,18.1,0.3,-18.4,-18.1
2936,19,21.4,17.5,1.5,2.4,3.9
2937,16.9,22.2,16.5,0.4,5.3,5.7
2938,17.3,19.4,19.7,-2.4,2.1,-0.3
2939,15.9,22.2,18,-2.1,6.3,4.2
2940,17.1,23.2,17.3,-0.2,6.1,5.9
2941,18.5,19.7,18.9,-0.4,1.2,0.8
2942,17,21.8,19.3,-2.3,4.8,2.5
2943,18.1,21,17.4,0.7,2.9,3.6
2944,17.3,19.5,17.8,-0.5,2.2,1.7
2945,17.8,21.5,16.5,1.3,3.7,5
2946,16.4,21.8,17.4,-1,5.4,4.4
2947,17.6,20.4,17.3,0.3,2.8,3.1
2948,14.5,22.2,17.7,-3.2,7.7,4.5
2949,17.3,19.3,17.8,-0.5,2,1.5
2950,15.9,19.5,18.1,-2.2,3.6,1.4
2951,18.7,21.1,17.7,1,2.4,3.4
2952,18.3,21,16.3,2,2.7,4.7
2953,18,20.3,16.6,1.4,2.3,3.7
2954,19,21.8,17,2,2.8,4.8
2955,16.6,21.5,17.2,-0.6,4.9,4.3
2956,19.2,21.9,18.6,0.6,2.7,3.3
2957,18.4,20.9,16.3,2.1,2.5,4.6
2958,17.3,21.6,17.1,0.2,4.3,4.5
2959,0,20.6,18.5,-18.5,20.6,2.1
2960,16.4,23.1,17.2,-0.8,6.7,5.9
2961,16.7,20.2,18,-1.3,3.5,2.2
2962,16.9,,17.4,-0.5,,
2963,17,21,17.8,-0.8,4,3.2
2964,16.4,19.6,17.3,-0.9,3.2,2.3
2965,18.7,22.4,18.2,0.5,3.7,4.2
2966,17.2,21.1,16,1.2,3.9,5.1
2967,17.9,21.9,17.1,0.8,4,4.8
2968,16.9,22.2,17.8,-0.9,5.3,4.4
2969,15.7,21.3,18,-2.3,5.6,3.3
2970,17.8,20.4,19,-1.2,2.6,1.4
2971,,22,17.1,,,4.9
2972,17.4,21,19,-1.6,3.6,2
2973,16.1,21.7,16.8,-0.7,5.6,4.9
2974,19.5,18.8,18.8,0.7,-0.7,0
2975,18.4,21.4,18.3,0.1,3,3.1
2976,17.6,,16.6,1,,
2977,18.8,22.7,17.8,1,3.9,4.9
2978,16.7,21.6,17.4,-0.7,4.9,4.2
2979,18,21.2,18.1,-0.1,3.2,3.1
2980,17.7,21.5,17.3,0.4,3.8,4.2
2981,17.8,20,17.2,0.6,2.2,2.8
2982,18.8,22.6,18.9,-0.1,3.8,3.7
2983,18.2,23,17.4,0.8,4.8,5.6
2984,17.8,21.4,18.3,-0.5,3.6,3.1
2985,15.8,22.6,17.3,-1.5,6.8,5.3
2986,16.5,20.4,19.2,-2.7,3.9,1.2
2987,17.4,20.2,16.8,0.6,2.8,3.4
2988,,21,16.9,,,4.1
2989,16.4,21.4,19,-2.6,5,2.4
2990,19.9,20.6,17.1,2.8,0.7,3.5
2991,19,21.5,19.1,-0.1,2.5,2.4
2992,18.1,21.3,18.4,-0.3,3.2,2.9
2993,17.6,20,17.3,0.3,2.4,2.7
2994,17.3,21.5,15.7,1.6,4.2,5.8
2995,16.5,21.9,17.5,-1,5.4,4.4
2996,17.6,21.2,17.6,0,3.6,3.6
2997,17.8,22.2,18.7,-0.9,4.4,3.5
2998,16.3,19.8,19.1,-2.8,3.5,0.7
2999,17.8,21.5,16.8,1,3.7,4.7
3000,17.3,19.8,18.3,-1,2.5,1.5